timestamp	epoch	step	accuracy	loss
1711161252.089911	0	1	0.1250	2.2902
1711161252.709933	0	2	0.1250	2.3228
1711161252.7144341	0	3	0.0625	2.3435
1711161252.718753	0	4	0.0312	2.3328
1711161252.7221	0	5	0.0938	2.3437
1711161252.725415	0	6	0.0625	2.3044
1711161252.728859	0	7	0.0625	2.2880
1711161252.732343	0	8	0.1250	2.3067
1711161252.736023	0	9	0.0938	2.3091
1711161252.739821	0	10	0.0625	2.2990
1711161252.7435899	0	11	0.1250	2.2855
1711161252.7475882	0	12	0.1250	2.3641
1711161252.752238	0	13	0.1562	2.2881
1711161252.756605	0	14	0.0938	2.3740
1711161252.7602592	0	15	0.0625	2.3168
1711161252.7640178	0	16	0.1250	2.3075
1711161252.7678962	0	17	0.1562	2.3083
1711161252.771714	0	18	0.0625	2.3069
1711161252.775477	0	19	0.1250	2.2913
1711161252.779291	0	20	0.1875	2.2350
1711161252.7830532	0	21	0.0938	2.2904
1711161252.7869608	0	22	0.0938	2.3210
1711161252.790834	0	23	0.0312	2.2996
1711161252.794589	0	24	0.1250	2.2920
1711161252.7983072	0	25	0.0938	2.2889
1711161252.801903	0	26	0.1562	2.2625
1711161252.805763	0	27	0.0625	2.3025
1711161252.809535	0	28	0.1250	2.2943
1711161252.813341	0	29	0.0938	2.2748
1711161252.81723	0	30	0.0312	2.3158
1711161252.8209121	0	31	0.0625	2.2913
1711161252.8248892	0	32	0.0938	2.2884
1711161252.828616	0	33	0.0938	2.3056
1711161252.83265	0	34	0.1875	2.2401
1711161252.8363352	0	35	0.1875	2.2787
1711161252.840142	0	36	0.2500	2.2737
1711161252.843938	0	37	0.0625	2.2976
1711161252.847643	0	38	0.1875	2.2823
1711161252.851677	0	39	0.1562	2.2614
1711161252.8553321	0	40	0.3750	2.2278
1711161252.859196	0	41	0.2812	2.2558
1711161252.8628669	0	42	0.2188	2.2691
1711161252.866857	0	43	0.2188	2.2622
1711161252.8705568	0	44	0.0625	2.2858
1711161252.874437	0	45	0.2500	2.2828
1711161252.8783581	0	46	0.2188	2.2698
1711161252.882914	0	47	0.0938	2.2720
1711161252.886668	0	48	0.2500	2.2605
1711161252.89116	0	49	0.1875	2.2762
1711161252.89499	0	50	0.1875	2.2672
1711161252.8986828	0	51	0.2500	2.2635
1711161252.902396	0	52	0.1250	2.2435
1711161252.9061818	0	53	0.2188	2.2376
1711161252.910059	0	54	0.2812	2.2454
1711161252.913886	0	55	0.2812	2.2201
1711161252.91788	0	56	0.2500	2.2385
1711161252.921747	0	57	0.1250	2.2635
1711161252.925519	0	58	0.1562	2.2554
1711161252.929343	0	59	0.1562	2.2782
1711161252.933959	0	60	0.1562	2.2571
1711161252.937815	0	61	0.1562	2.2385
1711161252.941756	0	62	0.2812	2.2480
1711161252.945618	0	63	0.1250	2.2742
1711161252.949399	0	64	0.2500	2.2279
1711161252.953322	0	65	0.1875	2.2480
1711161252.956948	0	66	0.2188	2.2881
1711161252.960742	0	67	0.2500	2.2163
1711161252.964415	0	68	0.1875	2.2191
1711161252.968205	0	69	0.2188	2.2679
1711161252.971887	0	70	0.2812	2.2093
1711161252.975871	0	71	0.2812	2.2450
1711161252.979743	0	72	0.1562	2.2604
1711161252.983626	0	73	0.2500	2.2426
1711161252.987283	0	74	0.2188	2.2385
1711161252.9910789	0	75	0.2812	2.2130
1711161252.994981	0	76	0.1875	2.2654
1711161252.998574	0	77	0.2812	2.2020
1711161253.002265	0	78	0.2500	2.2261
1711161253.0061572	0	79	0.2812	2.1994
1711161253.0098739	0	80	0.2500	2.2282
1711161253.013602	0	81	0.3438	2.2298
1711161253.01735	0	82	0.2188	2.2418
1711161253.021179	0	83	0.3125	2.2283
1711161253.0251179	0	84	0.2500	2.2381
1711161253.028821	0	85	0.3750	2.2025
1711161253.0329878	0	86	0.2500	2.2219
1711161253.0369139	0	87	0.2188	2.2209
1711161253.040912	0	88	0.3750	2.2068
1711161253.0446029	0	89	0.5000	2.1643
1711161253.048409	0	90	0.3125	2.2023
1711161253.052211	0	91	0.4375	2.1723
1711161253.0557508	0	92	0.2812	2.2020
1711161253.059695	0	93	0.2500	2.2001
1711161253.0634189	0	94	0.3750	2.1721
1711161253.0673542	0	95	0.4688	2.1770
1711161253.0710242	0	96	0.3125	2.1937
1711161253.075024	0	97	0.3438	2.2076
1711161253.078739	0	98	0.6250	2.1359
1711161253.0826728	0	99	0.4688	2.1468
1711161253.086281	0	100	0.4375	2.1463
1711161253.089963	0	101	0.4062	2.1469
1711161253.093772	0	102	0.5625	2.0994
1711161253.097455	0	103	0.4688	2.1462
1711161253.101527	0	104	0.4375	2.1109
1711161253.105185	0	105	0.4062	2.1569
1711161253.109065	0	106	0.4062	2.1229
1711161253.112828	0	107	0.4375	2.1229
1711161253.116788	0	108	0.4688	2.0993
1711161253.120544	0	109	0.5938	2.0775
1711161253.1244538	0	110	0.3750	2.1816
1711161253.128133	0	111	0.6250	2.0947
1711161253.132027	0	112	0.5000	2.0698
1711161253.135819	0	113	0.4375	2.1075
1711161253.140217	0	114	0.5625	2.1099
1711161253.143907	0	115	0.6562	2.0246
1711161253.147636	0	116	0.4062	2.1760
1711161253.151468	0	117	0.4375	2.0709
1711161253.155276	0	118	0.4688	2.1196
1711161253.158942	0	119	0.5938	2.0720
1711161253.162657	0	120	0.6875	2.0000
1711161253.166765	0	121	0.4062	2.0993
1711161253.17036	0	122	0.6250	2.0390
1711161253.174349	0	123	0.4688	2.0818
1711161253.178108	0	124	0.6250	2.0246
1711161253.1818838	0	125	0.6250	2.0613
1711161253.1856918	0	126	0.5000	2.0720
1711161253.189378	0	127	0.6250	1.9845
1711161253.193158	0	128	0.5312	2.0525
1711161253.197106	0	129	0.5938	2.0644
1711161253.201109	0	130	0.4688	2.0265
1711161253.204899	0	131	0.6250	1.9336
1711161253.2087429	0	132	0.6250	2.0089
1711161253.212617	0	133	0.5000	2.0357
1711161253.217314	0	134	0.6875	1.9349
1711161253.221201	0	135	0.5000	2.0327
1711161253.2252648	0	136	0.5312	1.9273
1711161253.2290628	0	137	0.4688	2.0327
1711161253.233035	0	138	0.6875	1.8640
1711161253.23708	0	139	0.5625	1.9828
1711161253.241442	0	140	0.6875	1.9211
1711161253.245288	0	141	0.6562	1.9192
1711161253.2492979	0	142	0.6250	1.9705
1711161253.253205	0	143	0.6250	1.9582
1711161253.257062	0	144	0.7188	1.8570
1711161253.2608588	0	145	0.5000	1.9791
1711161253.264769	0	146	0.5938	1.9386
1711161253.268388	0	147	0.6875	1.8687
1711161253.2720902	0	148	0.6562	1.8595
1711161253.275824	0	149	0.5312	1.9346
1711161253.2794821	0	150	0.6250	1.8796
1711161253.2835279	0	151	0.6250	1.8530
1711161253.287274	0	152	0.6250	1.7833
1711161253.291271	0	153	0.6875	1.7723
1711161253.29507	0	154	0.6562	1.8063
1711161253.2987719	0	155	0.6562	1.7912
1711161253.3025532	0	156	0.5000	1.8127
1711161253.306195	0	157	0.6875	1.7146
1711161253.309918	0	158	0.5625	1.7701
1711161253.313747	0	159	0.6562	1.7262
1711161253.317632	0	160	0.6562	1.6867
1711161253.3214889	0	161	0.7500	1.5944
1711161253.3254452	0	162	0.6562	1.7248
1711161253.329279	0	163	0.6875	1.7373
1711161253.333427	0	164	0.6250	1.6383
1711161253.3372722	0	165	0.6250	1.6163
1711161253.341613	0	166	0.6250	1.6611
1711161253.3453429	0	167	0.5625	1.7271
1711161253.349194	0	168	0.6875	1.5461
1711161253.3530722	0	169	0.8438	1.4053
1711161253.35678	0	170	0.5625	1.5928
1711161253.360589	0	171	0.7188	1.4919
1711161253.3643808	0	172	0.6250	1.5280
1711161253.3681412	0	173	0.5938	1.5213
1711161253.3719208	0	174	0.7188	1.3812
1711161253.3758771	0	175	0.5938	1.7116
1711161253.379702	0	176	0.5938	1.4081
1711161253.383408	0	177	0.6562	1.3192
1711161253.3871	0	178	0.6562	1.5071
1711161253.390964	0	179	0.7500	1.2823
1711161253.394698	0	180	0.7188	1.3854
1711161253.3985841	0	181	0.7500	1.4384
1711161253.402355	0	182	0.6875	1.4134
1711161253.406135	0	183	0.7188	1.2760
1711161253.409853	0	184	0.6562	1.3578
1711161253.413619	0	185	0.7188	1.2735
1711161253.41743	0	186	0.8125	1.0797
1711161253.42114	0	187	0.5000	1.2977
1711161253.425209	0	188	0.7188	1.2201
1711161253.4290822	0	189	0.7188	1.2835
1711161253.4337301	0	190	0.7812	1.3027
1711161253.437488	0	191	0.5938	1.3603
1711161253.441397	0	192	0.5000	1.3512
1711161253.44512	0	193	0.7812	1.0152
1711161253.449135	0	194	0.6875	1.0856
1711161253.452873	0	195	0.5312	1.2195
1711161253.456563	0	196	0.6875	1.1312
1711161253.4602811	0	197	0.8125	0.9592
1711161253.464006	0	198	0.7500	1.0497
1711161253.467778	0	199	0.7500	1.1792
1711161253.4714189	0	200	0.7812	1.1045
1711161253.4751801	0	201	0.6250	1.1524
1711161253.4788291	0	202	0.8125	0.9151
1711161253.482836	0	203	0.7188	1.2796
1711161253.4865239	0	204	0.8438	0.6933
1711161253.490222	0	205	0.6875	0.9500
1711161253.494045	0	206	0.8438	0.7460
1711161253.497823	0	207	0.8438	0.8755
1711161253.5016162	0	208	0.8438	0.8858
1711161253.505297	0	209	0.8125	0.8155
1711161253.509187	0	210	0.7188	1.0911
1711161253.5129979	0	211	0.8125	0.8970
1711161253.5169332	0	212	0.6875	0.9957
1711161253.520706	0	213	0.7500	0.9976
1711161253.524478	0	214	0.6250	0.9823
1711161253.528146	0	215	0.7812	0.9847
1711161253.53194	0	216	0.8438	0.6543
1711161253.535713	0	217	0.6562	1.1112
1711161253.5394719	0	218	0.9062	0.6105
1711161253.543293	0	219	0.6875	0.8423
1711161253.547144	0	220	0.7812	0.8677
1711161253.551262	0	221	0.7812	0.8164
1711161253.5552409	0	222	0.7812	0.8026
1711161253.558901	0	223	0.6562	0.9893
1711161253.562597	0	224	0.8125	0.9971
1711161253.566478	0	225	0.8438	0.6946
1711161253.570196	0	226	0.7500	0.8752
1711161253.573744	0	227	0.6250	1.0734
1711161253.577525	0	228	0.8125	0.7927
1711161253.581109	0	229	0.7500	0.7312
1711161253.5851352	0	230	0.7188	0.8032
1711161253.58873	0	231	0.8125	0.7293
1711161253.59241	0	232	0.7812	0.9105
1711161253.596085	0	233	0.6562	0.9063
1711161253.600055	0	234	0.5625	1.1341
1711161253.60375	0	235	0.7500	0.7602
1711161253.607616	0	236	0.9375	0.6097
1711161253.611549	0	237	0.8438	0.7464
1711161253.615381	0	238	0.6250	1.0729
1711161253.619201	0	239	0.7188	1.0377
1711161253.6229482	0	240	0.7812	0.7609
1711161253.626849	0	241	0.6562	0.9722
1711161253.630689	0	242	0.8125	0.6552
1711161253.634633	0	243	0.7812	0.8615
1711161253.6384141	0	244	0.6875	0.8858
1711161253.6421309	0	245	0.8750	0.5476
1711161253.645814	0	246	0.7812	0.5767
1711161253.650028	0	247	0.8125	0.6667
1711161253.653766	0	248	0.7188	0.9192
1711161253.6577659	0	249	0.7500	0.8661
1711161253.66174	0	250	0.8438	0.5261
1711161253.6654809	0	251	0.8750	0.6305
1711161253.669287	0	252	0.8438	0.6728
1711161253.6730418	0	253	0.8438	0.6388
1711161253.6769521	0	254	0.7500	0.7502
1711161253.6806679	0	255	0.7500	0.8522
1711161253.684428	0	256	0.8438	0.7032
1711161253.68811	0	257	0.8125	0.6408
1711161253.6918368	0	258	0.7812	0.5703
1711161253.695552	0	259	0.8438	0.4485
1711161253.699826	0	260	0.7500	0.7696
1711161253.703535	0	261	0.9062	0.5613
1711161253.708155	0	262	0.7500	0.6236
1711161253.7119622	0	263	0.5938	1.0872
1711161253.715931	0	264	0.6562	0.8945
1711161253.719658	0	265	0.7188	1.0014
1711161253.723404	0	266	0.8438	0.6368
1711161253.7271051	0	267	0.8438	0.4952
1711161253.730989	0	268	0.8125	0.6225
1711161253.734925	0	269	0.8125	0.7346
1711161253.7385888	0	270	0.7812	0.9289
1711161253.742361	0	271	0.9688	0.3280
1711161253.746117	0	272	0.8125	0.7929
1711161253.750458	0	273	0.7500	0.5480
1711161253.754238	0	274	0.8125	0.5676
1711161253.758162	0	275	0.8750	0.5234
1711161253.761984	0	276	0.6875	0.8736
1711161253.765877	0	277	0.8125	0.4399
1711161253.769707	0	278	0.8125	0.6829
1711161253.7733681	0	279	0.6875	1.0695
1711161253.777146	0	280	0.9062	0.5094
1711161253.780902	0	281	0.8750	0.5222
1711161253.7848141	0	282	0.8750	0.5848
1711161253.788576	0	283	0.8438	0.6907
1711161253.7924302	0	284	0.4375	1.5212
1711161253.796111	0	285	0.7500	1.0875
1711161253.7999759	0	286	0.7500	0.7802
1711161253.803655	0	287	0.8125	0.6276
1711161253.8075972	0	288	0.8438	0.6120
1711161253.811275	0	289	0.8438	0.4482
1711161253.81505	0	290	0.9375	0.4473
1711161253.818759	0	291	0.8438	0.5664
1711161253.8226078	0	292	0.7500	0.7582
1711161253.8265789	0	293	0.9375	0.3715
1711161253.8302348	0	294	0.9062	0.3920
1711161253.8339489	0	295	0.8125	0.5569
1711161253.837813	0	296	0.8438	0.4778
1711161253.841689	0	297	0.8438	0.6243
1711161253.845325	0	298	0.7500	0.6723
1711161253.849514	0	299	0.8125	0.5803
1711161253.853392	0	300	0.8750	0.5393
1711161253.857522	0	301	0.8750	0.3656
1711161253.8613389	0	302	0.9062	0.4719
1711161253.865023	0	303	0.9375	0.3961
1711161253.868831	0	304	0.9375	0.4989
1711161253.872559	0	305	0.9062	0.4602
1711161253.876307	0	306	0.7812	0.6502
1711161253.8801448	0	307	0.9062	0.3242
1711161253.8840508	0	308	0.8438	0.4821
1711161253.887771	0	309	0.9062	0.3072
1711161253.8915782	0	310	0.8750	0.3890
1711161253.895336	0	311	0.8438	0.4100
1711161253.899436	0	312	0.9062	0.5253
1711161253.903069	0	313	0.9375	0.3644
1711161253.906881	0	314	0.8750	0.5363
1711161253.9105878	0	315	0.8438	0.5071
1711161253.914382	0	316	0.7812	0.4789
1711161253.918154	0	317	0.8125	0.5925
1711161253.921901	0	318	0.6875	0.8519
1711161253.925898	0	319	0.7812	0.6393
1711161253.929614	0	320	0.8438	0.5619
1711161253.9334452	0	321	0.8125	0.7340
1711161253.937171	0	322	0.7812	0.8275
1711161253.941041	0	323	0.8125	0.5365
1711161253.944882	0	324	0.8750	0.6050
1711161253.948819	0	325	0.7500	0.5796
1711161253.95265	0	326	0.8438	0.6282
1711161253.95649	0	327	0.8438	0.5290
1711161253.9602041	0	328	0.8125	0.7165
1711161253.9639838	0	329	0.8125	0.6412
1711161253.9678562	0	330	0.8438	0.6075
1711161253.9716291	0	331	0.9062	0.4632
1711161253.9752471	0	332	0.8438	0.5138
1711161253.978892	0	333	0.9062	0.3894
1711161253.9826849	0	334	0.9062	0.3629
1711161253.98642	0	335	0.7500	0.6234
1711161253.990218	0	336	0.7188	0.5795
1711161253.9938939	0	337	0.8438	0.5263
1711161253.99765	0	338	0.8750	0.5081
1711161254.001396	0	339	0.7812	0.6741
1711161254.005149	0	340	1.0000	0.2156
1711161254.008846	0	341	0.7812	0.5109
1711161254.0125902	0	342	0.8125	0.4785
1711161254.0164852	0	343	0.9062	0.4103
1711161254.020213	0	344	0.9062	0.2691
1711161254.02393	0	345	0.8438	0.2918
1711161254.0276558	0	346	0.8438	0.5999
1711161254.031432	0	347	0.9062	0.2883
1711161254.035129	0	348	0.9062	0.3148
1711161254.038898	0	349	0.9375	0.3102
1711161254.042974	0	350	0.9062	0.4970
1711161254.046707	0	351	0.8438	0.4895
1711161254.051147	0	352	0.9062	0.2814
1711161254.0552928	0	353	0.8750	0.3787
1711161254.0591202	0	354	0.9688	0.3398
1711161254.063484	0	355	0.8438	0.4116
1711161254.067256	0	356	0.8750	0.4968
1711161254.0710242	0	357	0.9375	0.4046
1711161254.07548	0	358	0.8438	0.5539
1711161254.0796192	0	359	0.8750	0.3385
1711161254.083911	0	360	0.8438	0.4721
1711161254.087898	0	361	0.9375	0.2490
1711161254.0922549	0	362	0.8438	0.4182
1711161254.096014	0	363	0.7812	0.4752
1711161254.100466	0	364	0.8750	0.4896
1711161254.104332	0	365	0.9062	0.2612
1711161254.1088681	0	366	0.9688	0.2253
1711161254.112698	0	367	0.8125	0.5387
1711161254.117114	0	368	0.9062	0.4053
1711161254.1210089	0	369	0.8750	0.5262
1711161254.125342	0	370	0.8438	0.3397
1711161254.129243	0	371	0.8750	0.4381
1711161254.133764	0	372	0.9062	0.3678
1711161254.137716	0	373	0.8750	0.4763
1711161254.1421728	0	374	0.9062	0.3683
1711161254.146115	0	375	0.8750	0.3395
1711161254.150493	0	376	0.9688	0.2467
1711161254.154708	0	377	0.8750	0.4209
1711161254.158869	0	378	0.9375	0.3240
1711161254.162956	0	379	0.8750	0.3950
1711161254.167298	0	380	0.8750	0.3692
1711161254.1711009	0	381	0.8750	0.4983
1711161254.1754298	0	382	0.8438	0.6369
1711161254.179311	0	383	0.8125	0.8042
1711161254.183329	0	384	0.7812	0.6073
1711161254.187337	0	385	0.9688	0.1842
1711161254.191812	0	386	0.9375	0.2927
1711161254.196055	0	387	1.0000	0.2207
1711161254.200372	0	388	0.8125	0.6567
1711161254.2045891	0	389	0.9062	0.4634
1711161254.2087412	0	390	0.8125	0.3786
1711161254.212938	0	391	0.7500	0.7713
1711161254.217088	0	392	0.8125	0.7022
1711161254.221164	0	393	0.8750	0.5160
1711161254.225427	0	394	0.9062	0.4910
1711161254.229527	0	395	0.9062	0.2792
1711161254.23369	0	396	0.8750	0.4545
1711161254.237899	0	397	0.8438	0.5453
1711161254.241857	0	398	0.8750	0.2813
1711161254.246024	0	399	0.9688	0.1833
1711161254.250289	0	400	0.9375	0.2489
1711161254.25443	0	401	0.9688	0.2298
1711161254.258292	0	402	0.8438	0.4379
1711161254.26242	0	403	0.9375	0.3629
1711161254.266298	0	404	0.8750	0.4762
1711161254.270483	0	405	0.9375	0.2752
1711161254.2744849	0	406	0.8438	0.6250
1711161254.2785568	0	407	0.8125	0.5938
1711161254.282628	0	408	0.8750	0.3998
1711161254.2871091	0	409	0.8750	0.3243
1711161254.2910788	0	410	0.8438	0.5075
1711161254.2951858	0	411	0.9688	0.3617
1711161254.29932	0	412	0.8750	0.4026
1711161254.303296	0	413	0.9688	0.2968
1711161254.307552	0	414	0.8750	0.2985
1711161254.311517	0	415	0.9375	0.3095
1711161254.315962	0	416	0.8438	0.3820
1711161254.3201861	0	417	0.8750	0.8845
1711161254.323963	0	418	0.8750	0.5782
1711161254.3277912	0	419	0.8750	0.2818
1711161254.331636	0	420	0.8438	0.5812
1711161254.335454	0	421	0.8750	0.3817
1711161254.3391502	0	422	0.9688	0.1442
1711161254.343013	0	423	0.8438	0.3976
1711161254.346698	0	424	0.8750	0.3472
1711161254.350373	0	425	0.9375	0.2988
1711161254.354143	0	426	0.9375	0.2479
1711161254.357806	0	427	0.8750	0.3623
1711161254.361709	0	428	0.8438	0.4333
1711161254.3655949	0	429	1.0000	0.1853
1711161254.3694642	0	430	0.8750	0.2428
1711161254.373235	0	431	0.9375	0.2785
1711161254.3769689	0	432	1.0000	0.1328
1711161254.3807878	0	433	1.0000	0.1361
1711161254.384976	0	434	0.8125	0.3884
1711161254.3889248	0	435	0.8750	0.2801
1711161254.39276	0	436	0.8750	0.2734
1711161254.396636	0	437	0.9688	0.2931
1711161254.400474	0	438	0.9688	0.2238
1711161254.404261	0	439	0.8750	0.2978
1711161254.4079459	0	440	0.8438	0.4055
1711161254.411865	0	441	0.8438	0.5121
1711161254.4155269	0	442	0.9375	0.3289
1711161254.4192052	0	443	0.9375	0.2328
1711161254.423001	0	444	0.9375	0.3194
1711161254.4268641	0	445	0.9375	0.2528
1711161254.43066	0	446	0.9062	0.3031
1711161254.434552	0	447	0.8438	0.4251
1711161254.438205	0	448	0.9062	0.3474
1711161254.441938	0	449	0.8125	0.4391
1711161254.445848	0	450	0.9062	0.3298
1711161254.449642	0	451	0.9062	0.2131
1711161254.453548	0	452	0.9688	0.1418
1711161254.458007	0	453	0.8125	0.4064
1711161254.461934	0	454	0.9062	0.2171
1711161254.465833	0	455	0.8750	0.2574
1711161254.469549	0	456	0.9375	0.2671
1711161254.473242	0	457	0.7500	0.6648
1711161254.477032	0	458	0.9062	0.2544
1711161254.480936	0	459	0.8438	0.4886
1711161254.4848452	0	460	0.8750	0.2953
1711161254.489299	0	461	0.8125	0.5711
1711161254.4931898	0	462	0.8750	0.4995
1711161254.496947	0	463	0.9375	0.2190
1711161254.50087	0	464	0.7812	0.7640
1711161254.504592	0	465	0.9062	0.3836
1711161254.5083132	0	466	0.9375	0.2925
1711161254.512	0	467	0.8750	0.4655
1711161254.51573	0	468	0.9688	0.2164
1711161254.519478	0	469	0.9375	0.2015
1711161254.523134	0	470	0.9688	0.1323
1711161254.5269482	0	471	0.8750	0.4079
1711161254.530725	0	472	0.8438	0.2938
1711161254.534533	0	473	0.8438	0.4233
1711161254.538257	0	474	0.9375	0.2229
1711161254.542084	0	475	0.9062	0.3663
1711161254.5459101	0	476	0.9375	0.2288
1711161254.549567	0	477	0.9062	0.2281
1711161254.553365	0	478	0.8438	0.4308
1711161254.55703	0	479	0.8750	0.4049
1711161254.560767	0	480	0.9688	0.1424
1711161254.56456	0	481	0.9375	0.2031
1711161254.568438	0	482	0.9062	0.3425
1711161254.57215	0	483	0.9062	0.3116
1711161254.576004	0	484	0.9062	0.2018
1711161254.579794	0	485	0.9375	0.3021
1711161254.583783	0	486	0.8125	0.5338
1711161254.587651	0	487	0.8438	0.3347
1711161254.591428	0	488	0.9062	0.2239
1711161254.595328	0	489	0.9062	0.4152
1711161254.599076	0	490	0.9688	0.0982
1711161254.602858	0	491	0.9375	0.2065
1711161254.60671	0	492	0.9062	0.3475
1711161254.6104681	0	493	0.8750	0.3551
1711161254.614391	0	494	0.9062	0.3712
1711161254.618324	0	495	0.8438	0.4026
1711161254.622429	0	496	0.9688	0.1233
1711161254.626718	0	497	0.9688	0.1595
1711161254.631319	0	498	0.8438	0.3754
1711161254.6351502	0	499	0.9062	0.2471
1711161254.639771	0	500	0.9375	0.1554
1711161254.6435149	0	501	0.9688	0.1541
1711161254.950538	0	502	0.9688	0.2442
1711161254.956789	0	503	0.9375	0.2339
1711161254.963331	0	504	0.9375	0.2192
1711161254.968153	0	505	0.9688	0.1305
1711161254.9726589	0	506	0.9375	0.3889
1711161254.9770172	0	507	0.8125	0.6357
1711161254.981545	0	508	0.9688	0.1008
1711161254.9856699	0	509	0.9688	0.1774
1711161254.9897442	0	510	0.9688	0.1189
1711161254.993836	0	511	0.8750	0.3748
1711161254.998069	0	512	0.9375	0.2761
1711161255.002743	0	513	0.9062	0.3486
1711161255.00703	0	514	0.9062	0.3633
1711161255.010925	0	515	0.9062	0.2613
1711161255.015202	0	516	0.9688	0.2967
1711161255.0200472	0	517	0.8438	0.5333
1711161255.025294	0	518	0.9375	0.3394
1711161255.0295439	0	519	0.9688	0.2358
1711161255.033555	0	520	0.9062	0.4924
1711161255.0376	0	521	0.9062	0.2274
1711161255.041627	0	522	0.9375	0.1887
1711161255.0456178	0	523	0.8750	0.3314
1711161255.049824	0	524	0.9688	0.2710
1711161255.054392	0	525	0.9062	0.3729
1711161255.0584269	0	526	0.9688	0.1828
1711161255.062675	0	527	0.8750	0.2955
1711161255.0665631	0	528	0.8750	0.4881
1711161255.070724	0	529	0.9688	0.1620
1711161255.07472	0	530	0.7812	0.7919
1711161255.079069	0	531	0.9062	0.2783
1711161255.083466	0	532	0.9688	0.1627
1711161255.089281	0	533	0.9062	0.3256
1711161255.0933871	0	534	1.0000	0.0841
1711161255.0975301	0	535	0.8750	0.5037
1711161255.102893	0	536	0.8750	0.3720
1711161255.1073642	0	537	0.8125	0.6977
1711161255.111747	0	538	0.9375	0.1625
1711161255.116023	0	539	0.9375	0.2045
1711161255.1206179	0	540	0.8438	0.3246
1711161255.1248388	0	541	0.9062	0.2678
1711161255.128862	0	542	0.9375	0.2517
1711161255.1327832	0	543	0.9688	0.2618
1711161255.137044	0	544	0.9062	0.2754
1711161255.1408908	0	545	0.9375	0.2173
1711161255.144923	0	546	0.9375	0.1599
1711161255.1488771	0	547	0.8750	0.2637
1711161255.1529548	0	548	0.9062	0.2415
1711161255.156836	0	549	0.8438	0.4098
1711161255.160939	0	550	0.9375	0.3379
1711161255.164882	0	551	0.9062	0.5318
1711161255.1687691	0	552	0.9062	0.2458
1711161255.172513	0	553	0.9375	0.2573
1711161255.176496	0	554	0.8750	0.3001
1711161255.1802628	0	555	0.9062	0.2151
1711161255.184509	0	556	0.8750	0.3363
1711161255.188273	0	557	0.8750	0.3650
1711161255.192269	0	558	0.9375	0.1672
1711161255.195998	0	559	0.9062	0.2707
1711161255.2004411	0	560	0.9688	0.1208
1711161255.204475	0	561	0.9062	0.2739
1711161255.2082481	0	562	0.9062	0.3260
1711161255.21239	0	563	0.9062	0.3138
1711161255.216226	0	564	0.9375	0.2483
1711161255.220077	0	565	0.9062	0.3399
1711161255.2238731	0	566	0.9688	0.3015
1711161255.2276962	0	567	0.9062	0.3816
1711161255.231602	0	568	0.8125	0.4570
1711161255.235392	0	569	0.9375	0.3014
1711161255.2393951	0	570	0.8125	0.4226
1711161255.243304	0	571	0.8125	0.5253
1711161255.2469451	0	572	0.9375	0.1945
1711161255.2508621	0	573	0.9375	0.2103
1711161255.254563	0	574	0.9062	0.2123
1711161255.258433	0	575	0.9688	0.0929
1711161255.262332	0	576	0.9375	0.1755
1711161255.266176	0	577	0.9375	0.1741
1711161255.2700858	0	578	0.8438	0.6864
1711161255.27393	0	579	0.8750	0.3233
1711161255.277856	0	580	0.9062	0.1898
1711161255.281752	0	581	0.8750	0.4601
1711161255.2856479	0	582	0.9062	0.3165
1711161255.2894862	0	583	0.8438	0.6368
1711161255.293366	0	584	0.7812	0.4726
1711161255.2974029	0	585	0.8750	0.4105
1711161255.3018591	0	586	0.9375	0.2171
1711161255.3061	0	587	0.8750	0.2722
1711161255.3101351	0	588	0.9375	0.2331
1711161255.314052	0	589	0.8750	0.5052
1711161255.318113	0	590	0.9062	0.3089
1711161255.32181	0	591	0.9062	0.3475
1711161255.325631	0	592	0.9062	0.2461
1711161255.3293781	0	593	0.9375	0.1566
1711161255.333152	0	594	0.9375	0.2522
1711161255.3368902	0	595	0.9062	0.2586
1711161255.340616	0	596	0.9062	0.2505
1711161255.344429	0	597	0.9062	0.2723
1711161255.348313	0	598	0.9375	0.2207
1711161255.351949	0	599	0.9062	0.3199
1711161255.355699	0	600	0.9375	0.1894
1711161255.35939	0	601	0.8438	0.3962
1711161255.363112	0	602	0.8750	0.5196
1711161255.366722	0	603	0.9062	0.2130
1711161255.370593	0	604	0.8750	0.4888
1711161255.374389	0	605	0.9688	0.1173
1711161255.378081	0	606	0.9688	0.1314
1711161255.381772	0	607	0.8750	0.2401
1711161255.385644	0	608	0.9375	0.2318
1711161255.389298	0	609	0.9062	0.1524
1711161255.393049	0	610	0.8125	0.5386
1711161255.3969338	0	611	0.9062	0.1945
1711161255.4011462	0	612	0.9062	0.2930
1711161255.405118	0	613	0.8438	0.6691
1711161255.40903	0	614	0.8438	0.3219
1711161255.4127722	0	615	0.9688	0.1257
1711161255.416414	0	616	0.9688	0.2083
1711161255.420214	0	617	0.8438	0.4630
1711161255.4239411	0	618	0.8750	0.5052
1711161255.427594	0	619	1.0000	0.0912
1711161255.4313831	0	620	1.0000	0.1265
1711161255.435216	0	621	0.9375	0.2351
1711161255.439104	0	622	0.9688	0.1554
1711161255.443039	0	623	0.9062	0.2976
1711161255.446788	0	624	0.9062	0.1841
1711161255.4508438	0	625	0.9375	0.3364
1711161255.454519	0	626	0.9375	0.1947
1711161255.458208	0	627	0.9062	0.2604
1711161255.462035	0	628	1.0000	0.1549
1711161255.465714	0	629	0.9062	0.2287
1711161255.469526	0	630	0.9062	0.3156
1711161255.473181	0	631	0.9375	0.2975
1711161255.476911	0	632	0.9375	0.2915
1711161255.480524	0	633	0.8750	0.2721
1711161255.484381	0	634	0.9375	0.2141
1711161255.4885361	0	635	0.9688	0.2844
1711161255.492127	0	636	0.8750	0.3257
1711161255.496042	0	637	0.8750	0.4318
1711161255.499851	0	638	0.9375	0.3457
1711161255.503677	0	639	0.8750	0.2445
1711161255.5081432	0	640	1.0000	0.0680
1711161255.512015	0	641	0.9375	0.1503
1711161255.515794	0	642	0.9062	0.3952
1711161255.5195289	0	643	0.9062	0.3743
1711161255.523198	0	644	0.9375	0.3197
1711161255.527029	0	645	0.9375	0.1258
1711161255.530775	0	646	0.8750	0.4716
1711161255.5348852	0	647	0.9062	0.2673
1711161255.538786	0	648	0.9688	0.1239
1711161255.542741	0	649	0.9375	0.2637
1711161255.547146	0	650	0.9688	0.1724
1711161255.551031	0	651	0.7812	0.4166
1711161255.55495	0	652	0.9375	0.2606
1711161255.558743	0	653	0.9375	0.2038
1711161255.5627599	0	654	0.8438	0.4129
1711161255.566803	0	655	1.0000	0.1241
1711161255.570905	0	656	1.0000	0.1069
1711161255.5752802	0	657	0.9688	0.1757
1711161255.579402	0	658	0.9062	0.2492
1711161255.583505	0	659	0.8438	0.4075
1711161255.587562	0	660	0.9375	0.1559
1711161255.5919628	0	661	0.9375	0.2118
1711161255.595933	0	662	0.8438	0.3156
1711161255.600281	0	663	0.9375	0.2039
1711161255.604398	0	664	0.8750	0.2398
1711161255.60846	0	665	0.8750	0.2641
1711161255.612625	0	666	0.9062	0.3231
1711161255.6167848	0	667	0.9375	0.1778
1711161255.6209111	0	668	0.8438	0.5808
1711161255.625081	0	669	1.0000	0.0592
1711161255.629087	0	670	0.8750	0.3007
1711161255.633538	0	671	0.9062	0.2361
1711161255.6376588	0	672	1.0000	0.0833
1711161255.641951	0	673	0.9688	0.2660
1711161255.645914	0	674	0.9375	0.1258
1711161255.650017	0	675	0.9062	0.2377
1711161255.654151	0	676	1.0000	0.0773
1711161255.658677	0	677	0.9375	0.3361
1711161255.6627252	0	678	1.0000	0.0772
1711161255.666976	0	679	0.8438	0.3758
1711161255.671047	0	680	0.8750	0.3889
1711161255.6750069	0	681	0.9375	0.2304
1711161255.6790028	0	682	0.8750	0.4911
1711161255.6827729	0	683	0.8750	0.3272
1711161255.686836	0	684	0.9375	0.2307
1711161255.6905549	0	685	0.9062	0.2140
1711161255.6945128	0	686	0.9062	0.2919
1711161255.698239	0	687	0.8125	0.3269
1711161255.702761	0	688	1.0000	0.1291
1711161255.7064772	0	689	0.8750	0.2779
1711161255.7103019	0	690	0.9375	0.2518
1711161255.7141938	0	691	0.9688	0.2327
1711161255.718186	0	692	0.9375	0.1688
1711161255.7226722	0	693	0.8750	0.2417
1711161255.726762	0	694	0.9375	0.1485
1711161255.730766	0	695	1.0000	0.1024
1711161255.734633	0	696	0.9375	0.1881
1711161255.738633	0	697	0.9688	0.1455
1711161255.742343	0	698	0.9375	0.2571
1711161255.746119	0	699	0.9688	0.2065
1711161255.750015	0	700	1.0000	0.0944
1711161255.753848	0	701	0.8750	0.2342
1711161255.7576342	0	702	0.8438	0.3784
1711161255.761408	0	703	0.9375	0.2455
1711161255.7650628	0	704	0.9062	0.2484
1711161255.768859	0	705	1.0000	0.1405
1711161255.772437	0	706	0.9688	0.1131
1711161255.776122	0	707	0.9375	0.1780
1711161255.779926	0	708	1.0000	0.0958
1711161255.7836149	0	709	0.9375	0.1733
1711161255.7874718	0	710	0.9375	0.1856
1711161255.791308	0	711	0.9375	0.2731
1711161255.7952	0	712	0.9375	0.2615
1711161255.798955	0	713	0.8125	0.7595
1711161255.803155	0	714	1.0000	0.1164
1711161255.807013	0	715	0.8438	0.4007
1711161255.810755	0	716	0.8750	0.4764
1711161255.814595	0	717	0.9688	0.1499
1711161255.818358	0	718	0.9375	0.1916
1711161255.8222039	0	719	0.9375	0.2030
1711161255.825943	0	720	0.9062	0.2614
1711161255.829567	0	721	0.8438	0.3338
1711161255.833204	0	722	0.9375	0.2236
1711161255.83686	0	723	0.8438	0.4047
1711161255.8406389	0	724	0.9375	0.2559
1711161255.844427	0	725	0.8750	0.3169
1711161255.848045	0	726	0.8750	0.4294
1711161255.851952	0	727	1.0000	0.1253
1711161255.855695	0	728	1.0000	0.1073
1711161255.859463	0	729	0.9688	0.1612
1711161255.86323	0	730	0.9688	0.1179
1711161255.866955	0	731	0.9688	0.3441
1711161255.870965	0	732	0.8750	0.3356
1711161255.874478	0	733	0.9062	0.2518
1711161255.878287	0	734	0.8750	0.5828
1711161255.881956	0	735	0.9375	0.2216
1711161255.885741	0	736	0.9688	0.1065
1711161255.8895261	0	737	0.9062	0.1721
1711161255.8933601	0	738	0.9688	0.1448
1711161255.897347	0	739	0.9375	0.2147
1711161255.9018052	0	740	0.9062	0.1845
1711161255.9061959	0	741	0.9688	0.1735
1711161255.909943	0	742	0.9375	0.2171
1711161255.913642	0	743	0.9688	0.1493
1711161255.917566	0	744	0.9688	0.3507
1711161255.921197	0	745	0.9688	0.1380
1711161255.925013	0	746	0.9375	0.1975
1711161255.929035	0	747	0.9688	0.1575
1711161255.932768	0	748	0.9688	0.1313
1711161255.9366882	0	749	0.9688	0.1960
1711161255.940319	0	750	0.8750	0.2821
1711161255.944006	0	751	0.9688	0.2293
1711161255.9477398	0	752	0.9688	0.1142
1711161255.951442	0	753	0.9375	0.1222
1711161255.9552739	0	754	0.8750	0.4802
1711161255.959115	0	755	0.9062	0.1823
1711161255.962878	0	756	0.9062	0.3013
1711161255.966423	0	757	0.8750	0.2649
1711161255.97015	0	758	0.9688	0.1251
1711161255.9739132	0	759	0.9062	0.1751
1711161255.977598	0	760	0.8750	0.2880
1711161255.981366	0	761	1.0000	0.0866
1711161255.985125	0	762	0.8750	0.3552
1711161255.989117	0	763	0.9375	0.1656
1711161255.992882	0	764	0.9062	0.1731
1711161255.996703	0	765	0.9375	0.2379
1711161256.0006258	0	766	0.9062	0.1843
1711161256.0043561	0	767	1.0000	0.0955
1711161256.007919	0	768	0.9688	0.1319
1711161256.011787	0	769	0.8750	0.3829
1711161256.015646	0	770	0.9688	0.1663
1711161256.019496	0	771	1.0000	0.1236
1711161256.024247	0	772	0.9375	0.2444
1711161256.02803	0	773	0.9375	0.3185
1711161256.031959	0	774	0.9688	0.0733
1711161256.03642	0	775	1.0000	0.0698
1711161256.0404422	0	776	0.9688	0.1013
1711161256.04431	0	777	0.8750	0.5165
1711161256.04803	0	778	0.9688	0.1904
1711161256.051643	0	779	0.9688	0.1707
1711161256.055626	0	780	0.9688	0.0916
1711161256.059205	0	781	0.9688	0.0808
1711161256.0630112	0	782	0.8750	0.5984
1711161256.066685	0	783	0.9062	0.4919
1711161256.0705018	0	784	0.8750	0.4791
1711161256.074134	0	785	0.9375	0.2940
1711161256.0779421	0	786	0.8438	0.5426
1711161256.0816362	0	787	0.8125	0.4336
1711161256.085294	0	788	0.9375	0.2337
1711161256.0890958	0	789	0.9375	0.2150
1711161256.092993	0	790	0.9062	0.3399
1711161256.096565	0	791	0.8750	0.3511
1711161256.1004171	0	792	0.8125	0.3779
1711161256.104362	0	793	0.8750	0.3795
1711161256.10801	0	794	0.9375	0.2340
1711161256.111855	0	795	0.9062	0.2050
1711161256.115728	0	796	0.9688	0.1419
1711161256.120086	0	797	1.0000	0.0566
1711161256.124025	0	798	1.0000	0.0548
1711161256.1281831	0	799	1.0000	0.0538
1711161256.1319811	0	800	0.9375	0.4293
1711161256.1357949	0	801	0.9062	0.2347
1711161256.139536	0	802	1.0000	0.0991
1711161256.1434119	0	803	0.9688	0.1294
1711161256.147316	0	804	0.8750	0.3113
1711161256.1509068	0	805	0.8438	0.3858
1711161256.154627	0	806	0.9062	0.1861
1711161256.1583629	0	807	0.9375	0.1487
1711161256.16231	0	808	0.9375	0.2839
1711161256.1660318	0	809	0.9375	0.2019
1711161256.169773	0	810	0.9688	0.3178
1711161256.173459	0	811	1.0000	0.0934
1711161256.177098	0	812	1.0000	0.0994
1711161256.1808	0	813	0.9688	0.0781
1711161256.184633	0	814	1.0000	0.0418
1711161256.1883001	0	815	0.9688	0.1334
1711161256.191901	0	816	0.9375	0.3244
1711161256.1958988	0	817	0.9062	0.3124
1711161256.199538	0	818	0.9062	0.3046
1711161256.203431	0	819	0.8438	0.3819
1711161256.207227	0	820	0.9062	0.2246
1711161256.2110488	0	821	0.8438	0.3702
1711161256.214854	0	822	1.0000	0.0759
1711161256.2189162	0	823	0.9062	0.2058
1711161256.223041	0	824	0.9062	0.3234
1711161256.226825	0	825	0.9062	0.1982
1711161256.2305238	0	826	0.8750	0.2761
1711161256.234199	0	827	0.9688	0.2416
1711161256.237886	0	828	0.9062	0.4805
1711161256.241598	0	829	1.0000	0.0567
1711161256.245557	0	830	0.9375	0.2047
1711161256.249286	0	831	0.8438	0.5555
1711161256.253088	0	832	0.9062	0.4148
1711161256.256757	0	833	0.9375	0.2823
1711161256.260461	0	834	0.9375	0.1238
1711161256.264287	0	835	0.8438	0.5742
1711161256.268151	0	836	1.0000	0.0930
1711161256.2718809	0	837	0.8750	0.2338
1711161256.275726	0	838	0.8750	0.2376
1711161256.279493	0	839	0.9062	0.3403
1711161256.283199	0	840	0.9062	0.2740
1711161256.28684	0	841	0.9688	0.1454
1711161256.290577	0	842	0.9688	0.1845
1711161256.294444	0	843	0.9688	0.1757
1711161256.2980962	0	844	0.9688	0.1225
1711161256.301675	0	845	0.8438	0.3604
1711161256.3054678	0	846	0.9375	0.1857
1711161256.3093061	0	847	0.9062	0.1945
1711161256.312997	0	848	0.9688	0.1613
1711161256.3166342	0	849	0.9375	0.1747
1711161256.32043	0	850	0.9688	0.2010
1711161256.3240068	0	851	0.9375	0.1649
1711161256.327787	0	852	0.9688	0.2383
1711161256.331567	0	853	0.9375	0.1884
1711161256.335501	0	854	0.9375	0.1324
1711161256.339481	0	855	0.8750	0.3195
1711161256.3433092	0	856	1.0000	0.0752
1711161256.347049	0	857	1.0000	0.0896
1711161256.350796	0	858	0.9062	0.3520
1711161256.354555	0	859	0.9062	0.3057
1711161256.3583648	0	860	0.9375	0.2978
1711161256.362251	0	861	0.9688	0.1622
1711161256.366059	0	862	0.9375	0.2199
1711161256.370126	0	863	0.9688	0.2745
1711161256.3738618	0	864	0.8438	0.4910
1711161256.3776808	0	865	1.0000	0.1140
1711161256.381334	0	866	0.9688	0.2086
1711161256.385123	0	867	0.9688	0.0998
1711161256.388978	0	868	0.9688	0.0431
1711161256.392753	0	869	0.9375	0.1665
1711161256.396631	0	870	0.8750	0.2392
1711161256.400286	0	871	0.9062	0.2111
1711161256.404063	0	872	0.9062	0.3315
1711161256.4079092	0	873	0.9375	0.3652
1711161256.411927	0	874	0.9688	0.1894
1711161256.415829	0	875	0.9688	0.1911
1711161256.420319	0	876	0.9375	0.1335
1711161256.4247591	0	877	1.0000	0.0646
1711161256.428651	0	878	0.9375	0.2078
1711161256.4322948	0	879	0.9375	0.3182
1711161256.436095	0	880	0.9375	0.2192
1711161256.439776	0	881	1.0000	0.0723
1711161256.443507	0	882	0.9688	0.1127
1711161256.447344	0	883	0.9062	0.3097
1711161256.451278	0	884	0.9375	0.1541
1711161256.454962	0	885	0.9375	0.1545
1711161256.458853	0	886	0.9062	0.2072
1711161256.464183	0	887	0.8750	0.4558
1711161256.4683928	0	888	0.9062	0.3060
1711161256.472834	0	889	0.9688	0.0891
1711161256.476971	0	890	1.0000	0.1145
1711161256.480903	0	891	0.9062	0.2494
1711161256.4851358	0	892	0.9062	0.2877
1711161256.48952	0	893	0.8438	0.5224
1711161256.4934368	0	894	0.8750	0.3806
1711161256.4975638	0	895	0.9688	0.2056
1711161256.5015569	0	896	0.8750	0.5939
1711161256.505404	0	897	0.9375	0.2993
1711161256.509363	0	898	0.9688	0.1533
1711161256.513383	0	899	0.9688	0.2119
1711161256.5177548	0	900	0.9688	0.1244
1711161256.521871	0	901	0.9375	0.2034
1711161256.5258691	0	902	0.9375	0.2118
1711161256.529827	0	903	1.0000	0.1161
1711161256.5345259	0	904	1.0000	0.0407
1711161256.5384169	0	905	0.9688	0.1618
1711161256.542526	0	906	0.9688	0.1956
1711161256.54641	0	907	0.9062	0.3260
1711161256.550231	0	908	0.8750	0.2435
1711161256.554236	0	909	0.8750	0.1743
1711161256.55813	0	910	1.0000	0.0721
1711161256.561981	0	911	0.9375	0.1892
1711161256.56589	0	912	0.8750	0.3759
1711161256.569951	0	913	0.9062	0.3104
1711161256.573802	0	914	0.9688	0.3494
1711161256.577708	0	915	0.8438	0.4350
1711161256.581516	0	916	0.9688	0.1400
1711161256.585346	0	917	0.9375	0.1792
1711161256.589447	0	918	0.9062	0.4620
1711161256.593158	0	919	0.9688	0.1276
1711161256.5971358	0	920	0.9062	0.1193
1711161256.601006	0	921	0.8750	0.3112
1711161256.6047502	0	922	0.9062	0.1155
1711161256.608741	0	923	0.9688	0.2370
1711161256.6128142	0	924	0.9688	0.0927
1711161256.6167119	0	925	0.9688	0.2058
1711161256.620712	0	926	0.9375	0.1651
1711161256.624841	0	927	0.9688	0.0831
1711161256.628921	0	928	0.9375	0.1692
1711161256.633088	0	929	0.9062	0.2834
1711161256.637849	0	930	0.9688	0.1630
1711161256.6416378	0	931	1.0000	0.1167
1711161256.645769	0	932	0.9375	0.1935
1711161256.6497421	0	933	0.9375	0.2426
1711161256.653564	0	934	1.0000	0.0782
1711161256.65738	0	935	0.9062	0.4728
1711161256.6612248	0	936	0.8750	0.5142
1711161256.665065	0	937	0.9062	0.4641
1711161256.6690319	0	938	0.8750	0.2871
1711161256.672863	0	939	0.8750	0.2518
1711161256.676783	0	940	0.7500	0.5660
1711161256.6808052	0	941	0.9688	0.1581
1711161256.684611	0	942	1.0000	0.0698
1711161256.688461	0	943	0.8125	0.4748
1711161256.692408	0	944	0.9688	0.1242
1711161256.69617	0	945	1.0000	0.0698
1711161256.700146	0	946	0.8750	0.2870
1711161256.704612	0	947	0.8125	0.5956
1711161256.708301	0	948	0.9062	0.3076
1711161256.712332	0	949	0.9062	0.2737
1711161256.716244	0	950	0.9062	0.2933
1711161256.720263	0	951	0.9688	0.0881
1711161256.724127	0	952	0.9375	0.1204
1711161256.72831	0	953	0.8750	0.3456
1711161256.732165	0	954	0.9062	0.1925
1711161256.73708	0	955	0.9375	0.2270
1711161256.74091	0	956	0.9375	0.1834
1711161256.7446988	0	957	0.7812	0.4308
1711161256.748692	0	958	0.9375	0.3223
1711161256.7525802	0	959	0.9375	0.2482
1711161256.7564769	0	960	1.0000	0.0883
1711161256.760424	0	961	1.0000	0.0720
1711161256.764277	0	962	1.0000	0.1060
1711161256.768296	0	963	0.9375	0.2792
1711161256.772325	0	964	0.9375	0.1748
1711161256.776222	0	965	0.7812	0.4520
1711161256.780148	0	966	0.8750	0.2772
1711161256.7842839	0	967	0.9062	0.4638
1711161256.7879539	0	968	0.9375	0.2899
1711161256.791756	0	969	0.9062	0.1914
1711161256.795935	0	970	0.9688	0.1180
1711161256.799696	0	971	0.9375	0.1471
1711161256.8036978	0	972	0.9375	0.2734
1711161256.807652	0	973	0.9375	0.2482
1711161256.811604	0	974	0.9688	0.1378
1711161256.8156211	0	975	0.9688	0.2587
1711161256.8194718	0	976	0.9688	0.3703
1711161256.823252	0	977	1.0000	0.0784
1711161256.827146	0	978	0.9375	0.1602
1711161256.831279	0	979	0.9375	0.3520
1711161256.835274	0	980	1.0000	0.0589
1711161256.8394	0	981	0.9688	0.1975
1711161256.8432598	0	982	0.8750	0.4131
1711161256.8474188	0	983	0.9062	0.2250
1711161256.8514261	0	984	1.0000	0.1400
1711161256.855225	0	985	1.0000	0.0674
1711161256.8590322	0	986	0.9375	0.1413
1711161256.862792	0	987	0.9375	0.0929
1711161256.866673	0	988	0.9688	0.1587
1711161256.870621	0	989	1.0000	0.0873
1711161256.87455	0	990	0.9062	0.1970
1711161256.878558	0	991	0.9688	0.1434
1711161256.882478	0	992	0.9688	0.2003
1711161256.886513	0	993	0.9375	0.1468
1711161256.890483	0	994	0.9062	0.2075
1711161256.894465	0	995	0.9375	0.1734
1711161256.898252	0	996	0.9375	0.1716
1711161256.9021518	0	997	0.9062	0.2409
1711161256.906184	0	998	1.0000	0.0762
1711161256.9099252	0	999	0.9062	0.2068
1711161256.914028	0	1000	1.0000	0.1090
1711161256.918041	0	1001	1.0000	0.0418
1711161257.221823	0	1002	0.9688	0.1416
1711161257.225547	0	1003	1.0000	0.0706
1711161257.229439	0	1004	0.9062	0.2011
1711161257.23327	0	1005	0.9375	0.1756
1711161257.237052	0	1006	0.9688	0.1057
1711161257.240927	0	1007	0.8125	0.3848
1711161257.244752	0	1008	0.9688	0.1452
1711161257.2486432	0	1009	0.9375	0.4209
1711161257.252764	0	1010	0.9688	0.1430
1711161257.2569752	0	1011	0.9375	0.0969
1711161257.260746	0	1012	1.0000	0.0935
1711161257.264553	0	1013	1.0000	0.0434
1711161257.268596	0	1014	0.9375	0.1499
1711161257.272518	0	1015	1.0000	0.0688
1711161257.276344	0	1016	0.9688	0.1288
1711161257.280054	0	1017	0.9688	0.1070
1711161257.283929	0	1018	0.9062	0.2540
1711161257.287662	0	1019	0.9688	0.1228
1711161257.291497	0	1020	0.9062	0.3620
1711161257.295462	0	1021	0.8438	0.3770
1711161257.299113	0	1022	0.9688	0.1183
1711161257.302884	0	1023	0.8750	0.2232
1711161257.306566	0	1024	0.9688	0.2083
1711161257.310555	0	1025	0.9688	0.1271
1711161257.314292	0	1026	0.9688	0.1194
1711161257.3185961	0	1027	0.9375	0.2311
1711161257.32278	0	1028	0.9688	0.1029
1711161257.326642	0	1029	0.9062	0.3767
1711161257.3304698	0	1030	0.9062	0.1895
1711161257.3344278	0	1031	1.0000	0.0455
1711161257.33819	0	1032	0.9688	0.2016
1711161257.341978	0	1033	0.8750	0.2752
1711161257.345925	0	1034	0.9375	0.1198
1711161257.3497229	0	1035	0.8750	0.3609
1711161257.354343	0	1036	0.8750	0.1978
1711161257.3585	0	1037	1.0000	0.0520
1711161257.362459	0	1038	0.9062	0.2619
1711161257.3663318	0	1039	0.8750	0.4206
1711161257.370183	0	1040	0.9688	0.1028
1711161257.374002	0	1041	0.8750	0.3394
1711161257.3777778	0	1042	0.9688	0.1413
1711161257.381612	0	1043	0.9062	0.2895
1711161257.385231	0	1044	0.9688	0.0909
1711161257.388981	0	1045	0.9062	0.2430
1711161257.39275	0	1046	0.8750	0.3040
1711161257.396408	0	1047	0.9062	0.2215
1711161257.400092	0	1048	1.0000	0.0885
1711161257.404144	0	1049	0.9062	0.2282
1711161257.407776	0	1050	0.9062	0.1776
1711161257.41168	0	1051	0.9688	0.1605
1711161257.4154549	0	1052	0.9688	0.1084
1711161257.4190888	0	1053	0.8750	0.3545
1711161257.422807	0	1054	0.9062	0.2911
1711161257.426511	0	1055	1.0000	0.0785
1711161257.430279	0	1056	1.0000	0.0432
1711161257.4340968	0	1057	0.9375	0.1527
1711161257.437917	0	1058	0.9062	0.3326
1711161257.44163	0	1059	0.9688	0.1976
1711161257.44546	0	1060	0.9062	0.2438
1711161257.449267	0	1061	1.0000	0.0795
1711161257.453812	0	1062	0.9375	0.2017
1711161257.4575412	0	1063	0.9062	0.1156
1711161257.461185	0	1064	1.0000	0.0643
1711161257.464873	0	1065	0.9062	0.1208
1711161257.468669	0	1066	0.9375	0.1493
1711161257.4722939	0	1067	0.9375	0.2715
1711161257.4761071	0	1068	0.8750	0.2963
1711161257.479747	0	1069	0.9375	0.1951
1711161257.483479	0	1070	0.9062	0.2058
1711161257.4872372	0	1071	0.9062	0.1781
1711161257.490929	0	1072	0.9375	0.2361
1711161257.4947	0	1073	0.9375	0.1608
1711161257.498763	0	1074	0.9688	0.1035
1711161257.50242	0	1075	0.9062	0.2229
1711161257.506198	0	1076	0.9688	0.1004
1711161257.5099452	0	1077	1.0000	0.0661
1711161257.51376	0	1078	0.9375	0.2075
1711161257.517621	0	1079	0.9375	0.3038
1711161257.521298	0	1080	0.9375	0.2178
1711161257.5249789	0	1081	0.9688	0.1063
1711161257.528848	0	1082	0.8438	0.3494
1711161257.532541	0	1083	1.0000	0.0629
1711161257.536318	0	1084	0.9375	0.1452
1711161257.5400739	0	1085	0.9688	0.0564
1711161257.543733	0	1086	0.9688	0.0990
1711161257.5475788	0	1087	0.9062	0.2318
1711161257.551706	0	1088	0.9062	0.2642
1711161257.556183	0	1089	0.9062	0.1504
1711161257.559999	0	1090	0.9375	0.2338
1711161257.5640588	0	1091	0.9688	0.1171
1711161257.5677571	0	1092	0.9375	0.2712
1711161257.5713751	0	1093	0.9688	0.0681
1711161257.575041	0	1094	1.0000	0.0908
1711161257.5789142	0	1095	1.0000	0.0637
1711161257.5825589	0	1096	0.9375	0.1940
1711161257.5863528	0	1097	0.9062	0.1930
1711161257.5900228	0	1098	0.9688	0.0778
1711161257.5937622	0	1099	0.9062	0.2224
1711161257.597481	0	1100	0.9688	0.2403
1711161257.6012611	0	1101	0.9062	0.2266
1711161257.605042	0	1102	0.9375	0.1599
1711161257.608758	0	1103	1.0000	0.0725
1711161257.612619	0	1104	0.9375	0.2451
1711161257.6162848	0	1105	0.9062	0.2761
1711161257.620219	0	1106	0.9688	0.1006
1711161257.623861	0	1107	0.9062	0.2210
1711161257.6276338	0	1108	0.9688	0.1023
1711161257.63141	0	1109	1.0000	0.1192
1711161257.6350248	0	1110	0.9688	0.1429
1711161257.6389508	0	1111	0.9375	0.1628
1711161257.6429598	0	1112	0.9375	0.0772
1711161257.646743	0	1113	0.9375	0.1230
1711161257.650568	0	1114	1.0000	0.0546
1711161257.654486	0	1115	0.9375	0.0922
1711161257.6583328	0	1116	0.9062	0.1536
1711161257.6618361	0	1117	0.9375	0.1496
1711161257.665662	0	1118	0.9375	0.2557
1711161257.6694558	0	1119	0.9375	0.2919
1711161257.6731799	0	1120	1.0000	0.0718
1711161257.677005	0	1121	0.9688	0.1553
1711161257.6807392	0	1122	0.9062	0.1593
1711161257.684684	0	1123	0.9688	0.1686
1711161257.688434	0	1124	0.9062	0.2477
1711161257.692178	0	1125	0.9688	0.1099
1711161257.695918	0	1126	1.0000	0.0430
1711161257.6997519	0	1127	0.9688	0.1095
1711161257.7036061	0	1128	0.9375	0.1867
1711161257.707387	0	1129	1.0000	0.0620
1711161257.711094	0	1130	0.9688	0.0875
1711161257.714829	0	1131	0.9688	0.0734
1711161257.718606	0	1132	1.0000	0.0669
1711161257.722215	0	1133	0.9062	0.2511
1711161257.726134	0	1134	0.9375	0.1605
1711161257.729843	0	1135	0.9375	0.1608
1711161257.733721	0	1136	0.8750	0.3352
1711161257.737592	0	1137	0.9375	0.2762
1711161257.7413518	0	1138	0.8750	0.3619
1711161257.74546	0	1139	0.9375	0.1922
1711161257.749179	0	1140	0.9062	0.3621
1711161257.753806	0	1141	0.9375	0.3490
1711161257.757344	0	1142	0.9688	0.1780
1711161257.761136	0	1143	0.9688	0.1310
1711161257.7653818	0	1144	0.9375	0.2470
1711161257.769063	0	1145	0.9375	0.1629
1711161257.7727349	0	1146	0.9688	0.2384
1711161257.7766871	0	1147	0.8438	0.3393
1711161257.780266	0	1148	0.9375	0.1322
1711161257.784172	0	1149	0.9375	0.3723
1711161257.787822	0	1150	0.8750	0.1830
1711161257.791463	0	1151	0.9688	0.1070
1711161257.795166	0	1152	0.9688	0.1139
1711161257.798911	0	1153	0.9688	0.0816
1711161257.802706	0	1154	0.9375	0.1769
1711161257.806467	0	1155	0.9688	0.0642
1711161257.810175	0	1156	0.9375	0.1544
1711161257.8139992	0	1157	0.9062	0.1732
1711161257.8178828	0	1158	0.9062	0.3008
1711161257.8222651	0	1159	0.9375	0.1661
1711161257.826059	0	1160	0.9375	0.1921
1711161257.829708	0	1161	1.0000	0.0612
1711161257.83359	0	1162	0.9375	0.1430
1711161257.837309	0	1163	0.9062	0.3736
1711161257.841133	0	1164	0.9688	0.0891
1711161257.844767	0	1165	0.9688	0.1125
1711161257.848704	0	1166	0.9375	0.1961
1711161257.852709	0	1167	0.9375	0.1804
1711161257.856705	0	1168	0.8750	0.4063
1711161257.860457	0	1169	0.9688	0.2296
1711161257.8641899	0	1170	0.9688	0.1750
1711161257.8678699	0	1171	0.9688	0.0621
1711161257.8716228	0	1172	0.9688	0.1085
1711161257.875326	0	1173	0.9375	0.1013
1711161257.8792589	0	1174	0.9375	0.2651
1711161257.88298	0	1175	0.9688	0.1865
1711161257.886763	0	1176	0.9375	0.1711
1711161257.890506	0	1177	0.9375	0.3070
1711161257.894287	0	1178	0.8750	0.2408
1711161257.8979719	0	1179	0.9375	0.1789
1711161257.901841	0	1180	0.9688	0.0756
1711161257.905663	0	1181	0.8750	0.2491
1711161257.909316	0	1182	0.9375	0.1065
1711161257.913059	0	1183	0.9688	0.1588
1711161257.916681	0	1184	0.9688	0.0486
1711161257.9206378	0	1185	0.9375	0.2388
1711161257.924448	0	1186	1.0000	0.0727
1711161257.928075	0	1187	0.9688	0.1509
1711161257.931745	0	1188	0.8750	0.2562
1711161257.935452	0	1189	1.0000	0.0960
1711161257.939202	0	1190	0.9375	0.2705
1711161257.942989	0	1191	0.9688	0.1204
1711161257.946702	0	1192	0.9375	0.1507
1711161257.9507031	0	1193	1.0000	0.1201
1711161257.9545898	0	1194	1.0000	0.0481
1711161257.958264	0	1195	0.9062	0.2814
1711161257.961944	0	1196	0.8750	0.3176
1711161257.965745	0	1197	0.9688	0.0703
1711161257.969504	0	1198	1.0000	0.0339
1711161257.973233	0	1199	0.8750	0.1771
1711161257.97698	0	1200	1.0000	0.0612
1711161257.9805708	0	1201	0.9375	0.1494
1711161257.9844391	0	1202	0.9375	0.1765
1711161257.988084	0	1203	0.9375	0.1737
1711161257.991713	0	1204	0.9688	0.0989
1711161257.9953752	0	1205	0.9688	0.0951
1711161257.999233	0	1206	1.0000	0.0736
1711161258.002929	0	1207	0.9688	0.1031
1711161258.006552	0	1208	0.9688	0.1397
1711161258.010298	0	1209	0.9688	0.1009
1711161258.014098	0	1210	0.9375	0.1522
1711161258.017893	0	1211	1.0000	0.0433
1711161258.021499	0	1212	0.9688	0.1413
1711161258.025138	0	1213	0.9688	0.1020
1711161258.0288541	0	1214	0.9062	0.2322
1711161258.032606	0	1215	0.9688	0.0823
1711161258.036384	0	1216	1.0000	0.0723
1711161258.0400078	0	1217	0.9375	0.2189
1711161258.043721	0	1218	1.0000	0.0442
1711161258.047401	0	1219	1.0000	0.0843
1711161258.0514271	0	1220	0.9062	0.3268
1711161258.0550861	0	1221	1.0000	0.0320
1711161258.059083	0	1222	0.9688	0.1587
1711161258.062725	0	1223	0.9375	0.1809
1711161258.066491	0	1224	0.9688	0.0742
1711161258.070264	0	1225	0.9375	0.1440
1711161258.0741272	0	1226	0.9688	0.1191
1711161258.0778172	0	1227	0.9062	0.3204
1711161258.081493	0	1228	0.9375	0.3210
1711161258.085224	0	1229	1.0000	0.0372
1711161258.089012	0	1230	1.0000	0.0565
1711161258.092622	0	1231	0.9062	0.2699
1711161258.096224	0	1232	0.9375	0.1350
1711161258.0998468	0	1233	0.9375	0.1758
1711161258.1035252	0	1234	0.9375	0.1182
1711161258.1073081	0	1235	0.9688	0.1222
1711161258.11117	0	1236	0.9375	0.4482
1711161258.114749	0	1237	0.9688	0.0991
1711161258.118464	0	1238	0.9062	0.4045
1711161258.122304	0	1239	1.0000	0.0440
1711161258.126025	0	1240	0.9062	0.1539
1711161258.129832	0	1241	0.9375	0.3247
1711161258.133578	0	1242	0.9688	0.1399
1711161258.137459	0	1243	0.8438	0.3301
1711161258.141238	0	1244	0.9688	0.1265
1711161258.145136	0	1245	0.8750	0.2789
1711161258.1488209	0	1246	0.9062	0.1845
1711161258.1527832	0	1247	0.9062	0.2731
1711161258.1567092	0	1248	0.9688	0.0990
1711161258.1609411	0	1249	0.9375	0.2516
1711161258.1655161	0	1250	0.9375	0.1677
1711161258.169376	0	1251	0.9375	0.2355
1711161258.173205	0	1252	0.9688	0.0929
1711161258.176929	0	1253	0.8750	0.2828
1711161258.1807702	0	1254	0.8438	0.3195
1711161258.1845949	0	1255	0.9375	0.2287
1711161258.188422	0	1256	0.9375	0.1225
1711161258.192202	0	1257	1.0000	0.0666
1711161258.195881	0	1258	1.0000	0.0521
1711161258.199539	0	1259	0.9062	0.2019
1711161258.203489	0	1260	0.9375	0.0962
1711161258.207223	0	1261	0.9062	0.1732
1711161258.210926	0	1262	0.9062	0.3450
1711161258.2147222	0	1263	1.0000	0.1007
1711161258.218564	0	1264	0.9062	0.2503
1711161258.222274	0	1265	0.9375	0.2174
1711161258.225889	0	1266	1.0000	0.0538
1711161258.229634	0	1267	0.9688	0.1114
1711161258.233342	0	1268	0.9375	0.1739
1711161258.2373362	0	1269	0.9375	0.0735
1711161258.2410061	0	1270	0.9688	0.1310
1711161258.24476	0	1271	1.0000	0.0649
1711161258.248548	0	1272	1.0000	0.0531
1711161258.252356	0	1273	0.9375	0.1481
1711161258.256268	0	1274	0.9375	0.2025
1711161258.2601511	0	1275	0.8750	0.5016
1711161258.264535	0	1276	0.9375	0.2420
1711161258.2682638	0	1277	0.9688	0.1292
1711161258.2720482	0	1278	0.9062	0.2259
1711161258.27582	0	1279	0.9375	0.2556
1711161258.2796118	0	1280	0.9062	0.1988
1711161258.283218	0	1281	0.9062	0.2713
1711161258.287008	0	1282	1.0000	0.0426
1711161258.290588	0	1283	0.9375	0.1082
1711161258.294346	0	1284	0.9062	0.2205
1711161258.2981818	0	1285	0.9688	0.0820
1711161258.3019269	0	1286	0.8750	0.4440
1711161258.305602	0	1287	1.0000	0.0216
1711161258.309529	0	1288	0.9688	0.0815
1711161258.313528	0	1289	1.0000	0.0118
1711161258.317377	0	1290	1.0000	0.0431
1711161258.320971	0	1291	1.0000	0.0427
1711161258.3247948	0	1292	0.9688	0.1067
1711161258.328542	0	1293	0.9375	0.1939
1711161258.332167	0	1294	0.9375	0.1168
1711161258.335961	0	1295	0.9688	0.0997
1711161258.3396218	0	1296	1.0000	0.0427
1711161258.343349	0	1297	0.9375	0.1504
1711161258.347331	0	1298	0.9688	0.1144
1711161258.351414	0	1299	1.0000	0.0168
1711161258.3551302	0	1300	0.9688	0.0595
1711161258.359103	0	1301	0.9688	0.1094
1711161258.362835	0	1302	1.0000	0.0588
1711161258.366529	0	1303	0.9062	0.1677
1711161258.370445	0	1304	0.9062	0.3586
1711161258.374571	0	1305	0.9688	0.0986
1711161258.378548	0	1306	0.9688	0.0641
1711161258.382256	0	1307	1.0000	0.0848
1711161258.386008	0	1308	1.0000	0.0932
1711161258.389801	0	1309	0.8750	0.2781
1711161258.393517	0	1310	0.9062	0.4496
1711161258.3971782	0	1311	0.9688	0.0820
1711161258.400788	0	1312	0.9062	0.1366
1711161258.404448	0	1313	0.9062	0.1366
1711161258.408171	0	1314	0.9375	0.1619
1711161258.411835	0	1315	0.8750	0.2694
1711161258.415531	0	1316	0.9688	0.0885
1711161258.4193091	0	1317	0.9688	0.0683
1711161258.42298	0	1318	1.0000	0.0344
1711161258.426661	0	1319	1.0000	0.0287
1711161258.430521	0	1320	0.9688	0.1203
1711161258.434182	0	1321	0.9375	0.1767
1711161258.43786	0	1322	0.9375	0.2719
1711161258.441494	0	1323	1.0000	0.1203
1711161258.445336	0	1324	0.9688	0.1300
1711161258.4490528	0	1325	0.9688	0.1172
1711161258.452786	0	1326	0.9062	0.1864
1711161258.456618	0	1327	0.9688	0.1532
1711161258.4605582	0	1328	0.8750	0.2068
1711161258.464232	0	1329	0.9375	0.1841
1711161258.4682071	0	1330	0.9688	0.1306
1711161258.4722571	0	1331	0.8125	0.4250
1711161258.4760058	0	1332	0.9062	0.2155
1711161258.4797618	0	1333	0.8750	0.3341
1711161258.483469	0	1334	1.0000	0.0260
1711161258.487382	0	1335	0.9375	0.1678
1711161258.491198	0	1336	0.9688	0.0772
1711161258.4950202	0	1337	0.9688	0.1468
1711161258.499464	0	1338	0.9688	0.0601
1711161258.5033758	0	1339	0.9688	0.0507
1711161258.5070488	0	1340	0.9688	0.1632
1711161258.5108101	0	1341	1.0000	0.0367
1711161258.514529	0	1342	0.8750	0.3493
1711161258.5182989	0	1343	0.9375	0.1713
1711161258.5219898	0	1344	0.9375	0.1141
1711161258.5259578	0	1345	0.9375	0.1093
1711161258.52972	0	1346	0.9688	0.0705
1711161258.533377	0	1347	1.0000	0.0559
1711161258.537209	0	1348	1.0000	0.0453
1711161258.540949	0	1349	0.9688	0.0842
1711161258.5445728	0	1350	0.9375	0.1770
1711161258.548418	0	1351	0.9688	0.1943
1711161258.5520818	0	1352	0.9375	0.2488
1711161258.555976	0	1353	0.8750	0.5606
1711161258.5598102	0	1354	0.9688	0.0955
1711161258.563631	0	1355	0.9062	0.1579
1711161258.567508	0	1356	0.8750	0.4159
1711161258.5712461	0	1357	0.9688	0.1208
1711161258.575211	0	1358	0.9688	0.2081
1711161258.579078	0	1359	0.9375	0.2138
1711161258.582826	0	1360	0.9062	0.3213
1711161258.5867488	0	1361	0.9375	0.4467
1711161258.590488	0	1362	0.9375	0.4657
1711161258.5944052	0	1363	1.0000	0.0510
1711161258.5980852	0	1364	0.9375	0.1782
1711161258.60188	0	1365	0.8750	0.3974
1711161258.605809	0	1366	0.9375	0.3883
1711161258.609602	0	1367	0.9062	0.3001
1711161258.613409	0	1368	0.9375	0.1810
1711161258.617109	0	1369	0.9375	0.1392
1711161258.6208901	0	1370	0.9375	0.1864
1711161258.624565	0	1371	0.9688	0.0863
1711161258.628521	0	1372	0.9688	0.0887
1711161258.632235	0	1373	0.9062	0.2392
1711161258.636052	0	1374	1.0000	0.0656
1711161258.639832	0	1375	0.9375	0.0830
1711161258.643633	0	1376	0.9375	0.2126
1711161258.6473951	0	1377	0.9375	0.1886
1711161258.6510239	0	1378	0.9375	0.2353
1711161258.6548889	0	1379	0.9375	0.1916
1711161258.6586869	0	1380	0.9375	0.1987
1711161258.662519	0	1381	0.9375	0.0859
1711161258.666345	0	1382	0.9375	0.4722
1711161258.670305	0	1383	0.9688	0.1109
1711161258.674613	0	1384	1.0000	0.0559
1711161258.678684	0	1385	1.0000	0.0727
1711161258.682972	0	1386	0.8125	0.4762
1711161258.687003	0	1387	0.9688	0.2731
1711161258.6908329	0	1388	0.9688	0.1796
1711161258.6945589	0	1389	0.9375	0.1590
1711161258.698165	0	1390	0.9688	0.1115
1711161258.702028	0	1391	0.9375	0.1839
1711161258.7056682	0	1392	1.0000	0.0896
1711161258.7094889	0	1393	1.0000	0.0537
1711161258.713103	0	1394	0.9688	0.0539
1711161258.7167208	0	1395	0.9688	0.1983
1711161258.720489	0	1396	0.9375	0.1534
1711161258.723989	0	1397	0.9375	0.2141
1711161258.7277892	0	1398	0.9688	0.2259
1711161258.731307	0	1399	0.9688	0.0682
1711161258.7351308	0	1400	0.9375	0.2232
1711161258.7389061	0	1401	1.0000	0.0450
1711161258.7424462	0	1402	0.9062	0.2109
1711161258.74618	0	1403	0.9688	0.1622
1711161258.7498891	0	1404	0.9375	0.2696
1711161258.753952	0	1405	0.9062	0.1889
1711161258.757678	0	1406	1.0000	0.0520
1711161258.7614772	0	1407	1.0000	0.0605
1711161258.765175	0	1408	0.9688	0.1163
1711161258.769061	0	1409	0.9688	0.0998
1711161258.773082	0	1410	1.0000	0.0448
1711161258.776905	0	1411	0.9375	0.2168
1711161258.78123	0	1412	0.9688	0.1029
1711161258.7851698	0	1413	0.9375	0.2108
1711161258.789207	0	1414	0.9688	0.0459
1711161258.792968	0	1415	0.9688	0.1269
1711161258.7968462	0	1416	1.0000	0.0485
1711161258.800576	0	1417	0.9375	0.2233
1711161258.804262	0	1418	0.9375	0.1617
1711161258.8081868	0	1419	0.8438	0.2313
1711161258.811789	0	1420	0.9688	0.2873
1711161258.815487	0	1421	1.0000	0.0748
1711161258.819285	0	1422	0.9688	0.1304
1711161258.822999	0	1423	1.0000	0.0170
1711161258.8269088	0	1424	0.9375	0.1024
1711161258.830564	0	1425	0.8750	0.4123
1711161258.834214	0	1426	0.9688	0.1079
1711161258.838027	0	1427	0.9062	0.2881
1711161258.84205	0	1428	0.9375	0.1681
1711161258.845838	0	1429	0.9062	0.2757
1711161258.849504	0	1430	0.9688	0.1249
1711161258.8534012	0	1431	0.9375	0.1112
1711161258.857103	0	1432	0.9375	0.1731
1711161258.860874	0	1433	1.0000	0.0639
1711161258.864519	0	1434	0.9688	0.0842
1711161258.868225	0	1435	0.9688	0.0776
1711161258.872032	0	1436	1.0000	0.0938
1711161258.875766	0	1437	1.0000	0.0566
1711161258.879423	0	1438	0.9375	0.2065
1711161258.8831959	0	1439	0.9688	0.0921
1711161258.886922	0	1440	0.9375	0.1077
1711161258.8911722	0	1441	0.9688	0.1181
1711161258.8952398	0	1442	0.9688	0.1018
1711161258.8989198	0	1443	0.9688	0.0999
1711161258.902656	0	1444	0.9375	0.1494
1711161258.9063191	0	1445	0.9688	0.0935
1711161258.910049	0	1446	1.0000	0.0972
1711161258.913952	0	1447	0.9062	0.3081
1711161258.917706	0	1448	0.9375	0.2085
1711161258.921456	0	1449	0.9375	0.2497
1711161258.925278	0	1450	0.9688	0.0857
1711161258.929179	0	1451	0.8750	0.3695
1711161258.9328718	0	1452	1.0000	0.0408
1711161258.9367611	0	1453	0.9062	0.2130
1711161258.9404821	0	1454	0.9375	0.1281
1711161258.944133	0	1455	0.9688	0.1210
1711161258.947871	0	1456	0.9062	0.1527
1711161258.951627	0	1457	0.9375	0.1406
1711161258.955471	0	1458	0.9062	0.3310
1711161258.959243	0	1459	0.9062	0.1860
1711161258.9628842	0	1460	0.8438	0.2499
1711161258.966548	0	1461	0.9062	0.1840
1711161258.9702988	0	1462	0.9375	0.2015
1711161258.974175	0	1463	0.9375	0.1278
1711161258.978121	0	1464	0.9375	0.4284
1711161258.981772	0	1465	0.9375	0.1969
1711161258.985505	0	1466	0.9688	0.0797
1711161258.989384	0	1467	0.9375	0.0892
1711161258.993335	0	1468	0.9375	0.1081
1711161258.997149	0	1469	0.9688	0.2417
1711161259.001204	0	1470	1.0000	0.0788
1711161259.0048509	0	1471	0.9375	0.2926
1711161259.008505	0	1472	0.9375	0.1023
1711161259.012337	0	1473	0.9062	0.2870
1711161259.0162098	0	1474	1.0000	0.0334
1711161259.020205	0	1475	0.9688	0.0834
1711161259.023892	0	1476	0.9062	0.2674
1711161259.0277052	0	1477	0.9688	0.2613
1711161259.031405	0	1478	0.9375	0.2429
1711161259.035118	0	1479	0.9375	0.1602
1711161259.0389628	0	1480	0.9062	0.3495
1711161259.04283	0	1481	1.0000	0.0426
1711161259.0465028	0	1482	0.9688	0.0908
1711161259.05024	0	1483	1.0000	0.0680
1711161259.054125	0	1484	0.9375	0.0994
1711161259.0578828	0	1485	0.9375	0.2502
1711161259.061701	0	1486	0.9375	0.1768
1711161259.065491	0	1487	0.8750	0.2294
1711161259.069085	0	1488	0.9062	0.1357
1711161259.072921	0	1489	0.9375	0.2471
1711161259.0769658	0	1490	1.0000	0.0354
1711161259.080771	0	1491	1.0000	0.0533
1711161259.084607	0	1492	0.9375	0.2684
1711161259.088449	0	1493	1.0000	0.0184
1711161259.092714	0	1494	1.0000	0.0314
1711161259.09642	0	1495	0.9062	0.2210
1711161259.1001432	0	1496	0.9688	0.0974
1711161259.1041338	0	1497	0.9375	0.3315
1711161259.1078668	0	1498	1.0000	0.0353
1711161259.111865	0	1499	0.9375	0.2182
1711161259.1154828	0	1500	0.9375	0.1820
1711161259.119297	0	1501	0.9375	0.1589
1711161259.421216	0	1502	0.8750	0.3134
1711161259.4252741	0	1503	0.9062	0.4917
1711161259.429643	0	1504	0.9062	0.2621
1711161259.4337459	0	1505	0.9688	0.0822
1711161259.437629	0	1506	0.9688	0.0469
1711161259.442018	0	1507	0.9688	0.1033
1711161259.445878	0	1508	0.9375	0.2063
1711161259.449604	0	1509	0.9688	0.0898
1711161259.453569	0	1510	1.0000	0.0699
1711161259.457406	0	1511	1.0000	0.0510
1711161259.461199	0	1512	0.9688	0.0888
1711161259.465128	0	1513	0.9375	0.3106
1711161259.469033	0	1514	0.9688	0.0640
1711161259.472714	0	1515	0.9062	0.2961
1711161259.4764879	0	1516	0.9688	0.2027
1711161259.480594	0	1517	0.9688	0.1519
1711161259.4843142	0	1518	1.0000	0.0226
1711161259.488202	0	1519	1.0000	0.0448
1711161259.4919481	0	1520	1.0000	0.0308
1711161259.495898	0	1521	1.0000	0.0351
1711161259.4999082	0	1522	0.9688	0.2102
1711161259.503807	0	1523	0.9375	0.1767
1711161259.507649	0	1524	0.9688	0.0660
1711161259.511651	0	1525	0.9375	0.3729
1711161259.5154402	0	1526	0.9688	0.1656
1711161259.5193548	0	1527	0.9375	0.1245
1711161259.5233111	0	1528	0.9688	0.1356
1711161259.527081	0	1529	0.8750	0.2590
1711161259.530943	0	1530	0.9688	0.0748
1711161259.534771	0	1531	1.0000	0.0477
1711161259.538471	0	1532	0.8438	0.3160
1711161259.542256	0	1533	0.9688	0.0827
1711161259.546072	0	1534	0.9688	0.0773
1711161259.5497768	0	1535	1.0000	0.1293
1711161259.5535932	0	1536	0.9375	0.1597
1711161259.5573802	0	1537	0.9688	0.1005
1711161259.561229	0	1538	0.9688	0.0949
1711161259.565119	0	1539	0.9688	0.2160
1711161259.569212	0	1540	0.9062	0.5097
1711161259.5733209	0	1541	1.0000	0.0485
1711161259.577377	0	1542	0.9688	0.1421
1711161259.581283	0	1543	0.9062	0.3360
1711161259.585034	0	1544	0.9375	0.1420
1711161259.5889568	0	1545	0.9375	0.1369
1711161259.592819	0	1546	0.9688	0.2153
1711161259.596499	0	1547	0.9688	0.0400
1711161259.60047	0	1548	1.0000	0.0659
1711161259.604368	0	1549	1.0000	0.0633
1711161259.608154	0	1550	0.9688	0.1625
1711161259.611943	0	1551	1.0000	0.0479
1711161259.615788	0	1552	1.0000	0.0516
1711161259.61967	0	1553	0.9688	0.1167
1711161259.6234229	0	1554	0.9375	0.0921
1711161259.6272051	0	1555	0.9062	0.2565
1711161259.630989	0	1556	1.0000	0.0328
1711161259.634807	0	1557	0.9375	0.1404
1711161259.638456	0	1558	0.9688	0.0711
1711161259.6420832	0	1559	0.9688	0.0536
1711161259.645969	0	1560	0.9062	0.3660
1711161259.6495948	0	1561	0.9375	0.1574
1711161259.653486	0	1562	0.9688	0.1001
1711161259.657213	0	1563	0.9062	0.2393
1711161259.661046	0	1564	0.9062	0.1903
1711161259.6648178	0	1565	0.9375	0.1951
1711161259.6684039	0	1566	0.9688	0.2630
1711161259.672346	0	1567	0.8750	0.4732
1711161259.675989	0	1568	1.0000	0.0397
1711161259.679717	0	1569	0.9688	0.0921
1711161259.683638	0	1570	0.8438	0.3919
1711161259.687419	0	1571	0.9688	0.0826
1711161259.691091	0	1572	1.0000	0.0462
1711161259.695049	0	1573	0.9375	0.2768
1711161259.698763	0	1574	1.0000	0.0515
1711161259.703039	0	1575	0.9375	0.0914
1711161259.7070248	0	1576	1.0000	0.0238
1711161259.7107148	0	1577	0.9688	0.0542
1711161259.714474	0	1578	0.9688	0.1219
1711161259.718287	0	1579	0.9688	0.1020
1711161259.722021	0	1580	1.0000	0.0672
1711161259.725621	0	1581	1.0000	0.0511
1711161259.729383	0	1582	0.9375	0.2626
1711161259.732981	0	1583	0.9375	0.2068
1711161259.7368052	0	1584	1.0000	0.0081
1711161259.740643	0	1585	0.9375	0.1390
1711161259.744524	0	1586	0.9688	0.0848
1711161259.74818	0	1587	0.9375	0.0949
1711161259.751948	0	1588	0.9688	0.1230
1711161259.7562659	0	1589	0.9062	0.1775
1711161259.759991	0	1590	0.9375	0.1328
1711161259.763961	0	1591	0.9375	0.1436
1711161259.76771	0	1592	1.0000	0.0507
1711161259.771316	0	1593	0.9688	0.1249
1711161259.775123	0	1594	0.9375	0.2258
1711161259.778867	0	1595	0.9688	0.1872
1711161259.782641	0	1596	0.9062	0.1504
1711161259.786437	0	1597	0.9688	0.0754
1711161259.790068	0	1598	0.9375	0.3493
1711161259.793797	0	1599	0.9688	0.1929
1711161259.797565	0	1600	0.8750	0.5443
1711161259.801505	0	1601	1.0000	0.0579
1711161259.805435	0	1602	1.0000	0.0710
1711161259.80939	0	1603	0.9375	0.2849
1711161259.812978	0	1604	0.9688	0.1093
1711161259.81669	0	1605	0.9375	0.1706
1711161259.8206441	0	1606	0.9062	0.2803
1711161259.824391	0	1607	0.9688	0.0472
1711161259.82811	0	1608	0.9375	0.1056
1711161259.83185	0	1609	0.9375	0.0783
1711161259.8355682	0	1610	0.9062	0.1633
1711161259.8393412	0	1611	0.9062	0.2971
1711161259.843151	0	1612	0.9375	0.1525
1711161259.846744	0	1613	0.9375	0.3991
1711161259.8506298	0	1614	0.9375	0.1882
1711161259.854298	0	1615	1.0000	0.0554
1711161259.858102	0	1616	0.9688	0.0975
1711161259.8617868	0	1617	0.9688	0.2702
1711161259.8654	0	1618	0.9062	0.2406
1711161259.869292	0	1619	1.0000	0.0549
1711161259.872978	0	1620	0.9688	0.1075
1711161259.876669	0	1621	0.9062	0.2234
1711161259.880455	0	1622	0.9062	0.1962
1711161259.884228	0	1623	0.9688	0.0911
1711161259.8880808	0	1624	1.0000	0.0573
1711161259.891854	0	1625	1.0000	0.0441
1711161259.8956108	0	1626	0.9062	0.1772
1711161259.899401	0	1627	0.8750	0.3003
1711161259.903306	0	1628	0.9062	0.2487
1711161259.907113	0	1629	1.0000	0.0462
1711161259.910795	0	1630	0.9688	0.1613
1711161259.914855	0	1631	0.9062	0.2856
1711161259.918512	0	1632	0.9688	0.1070
1711161259.9222558	0	1633	0.8750	0.4822
1711161259.9260008	0	1634	0.9688	0.1380
1711161259.9296389	0	1635	0.9688	0.0677
1711161259.933336	0	1636	0.9688	0.0710
1711161259.9372742	0	1637	0.8750	0.7851
1711161259.940942	0	1638	0.9688	0.0781
1711161259.944614	0	1639	0.9688	0.1845
1711161259.948291	0	1640	0.9062	0.2391
1711161259.951958	0	1641	1.0000	0.0364
1711161259.95564	0	1642	1.0000	0.0467
1711161259.959611	0	1643	0.9688	0.0852
1711161259.963365	0	1644	0.9062	0.1705
1711161259.967055	0	1645	1.0000	0.0185
1711161259.970864	0	1646	0.9688	0.3128
1711161259.974524	0	1647	0.9375	0.1511
1711161259.97843	0	1648	0.9375	0.1498
1711161259.9821281	0	1649	1.0000	0.0614
1711161259.985885	0	1650	0.8750	0.3169
1711161259.989584	0	1651	0.9375	0.1413
1711161259.993438	0	1652	0.9062	0.2997
1711161259.99729	0	1653	0.9375	0.1882
1711161260.001088	0	1654	0.9062	0.2742
1711161260.004933	0	1655	0.9688	0.1603
1711161260.0087879	0	1656	0.9375	0.4272
1711161260.0126212	0	1657	0.9688	0.0597
1711161260.0163999	0	1658	0.9062	0.2412
1711161260.020159	0	1659	0.9062	0.1685
1711161260.02465	0	1660	0.9688	0.0957
1711161260.028501	0	1661	0.9375	0.2546
1711161260.032269	0	1662	1.0000	0.0856
1711161260.0361128	0	1663	1.0000	0.0479
1711161260.039906	0	1664	0.9688	0.1125
1711161260.0435781	0	1665	0.9688	0.0514
1711161260.0474508	0	1666	0.9688	0.0964
1711161260.051241	0	1667	0.9688	0.1004
1711161260.054898	0	1668	0.9688	0.1125
1711161260.0587058	0	1669	0.9688	0.0700
1711161260.062546	0	1670	0.9688	0.0860
1711161260.0661771	0	1671	1.0000	0.0322
1711161260.070178	0	1672	0.8750	0.3666
1711161260.0745149	0	1673	0.9375	0.2888
1711161260.0785012	0	1674	0.9688	0.1059
1711161260.0823731	0	1675	1.0000	0.0385
1711161260.0862532	0	1676	0.9688	0.1030
1711161260.0901928	0	1677	1.0000	0.1098
1711161260.094018	0	1678	0.9375	0.1373
1711161260.0979788	0	1679	0.9688	0.1193
1711161260.1024609	0	1680	0.9062	0.1541
1711161260.106389	0	1681	0.9375	0.1371
1711161260.1101902	0	1682	0.9688	0.2262
1711161260.114143	0	1683	0.9062	0.2435
1711161260.1179378	0	1684	0.9688	0.0781
1711161260.121771	0	1685	0.9375	0.2010
1711161260.125438	0	1686	0.9688	0.1597
1711161260.129198	0	1687	0.9688	0.1339
1711161260.132888	0	1688	1.0000	0.0158
1711161260.1366751	0	1689	0.9688	0.0875
1711161260.140353	0	1690	0.9688	0.0377
1711161260.144063	0	1691	0.9688	0.0837
1711161260.147758	0	1692	1.0000	0.0679
1711161260.151498	0	1693	1.0000	0.0279
1711161260.155164	0	1694	1.0000	0.0367
1711161260.158823	0	1695	1.0000	0.0883
1711161260.1626098	0	1696	1.0000	0.0240
1711161260.166371	0	1697	0.9375	0.2032
1711161260.170261	0	1698	0.8750	0.3478
1711161260.173895	0	1699	0.9062	0.2442
1711161260.1776829	0	1700	1.0000	0.0566
1711161260.181451	0	1701	0.9688	0.0733
1711161260.185171	0	1702	1.0000	0.0866
1711161260.189025	0	1703	1.0000	0.0548
1711161260.1930351	0	1704	0.9375	0.1776
1711161260.196779	0	1705	0.9062	0.1776
1711161260.2005708	0	1706	0.9062	0.3136
1711161260.204673	0	1707	0.9688	0.0939
1711161260.2084339	0	1708	1.0000	0.0174
1711161260.2122939	0	1709	0.9688	0.1176
1711161260.216054	0	1710	0.9375	0.1267
1711161260.219815	0	1711	1.0000	0.0349
1711161260.223522	0	1712	1.0000	0.0574
1711161260.227154	0	1713	0.9688	0.0642
1711161260.230957	0	1714	1.0000	0.0563
1711161260.234787	0	1715	0.9688	0.0752
1711161260.2384691	0	1716	0.9375	0.1665
1711161260.242196	0	1717	1.0000	0.0594
1711161260.2459571	0	1718	0.9688	0.0757
1711161260.249781	0	1719	1.0000	0.0123
1711161260.2536142	0	1720	0.9688	0.0523
1711161260.257996	0	1721	0.9375	0.1355
1711161260.261865	0	1722	0.8750	0.2918
1711161260.265614	0	1723	0.9375	0.1978
1711161260.269321	0	1724	0.9688	0.0626
1711161260.273113	0	1725	0.9688	0.0767
1711161260.276994	0	1726	0.9688	0.3356
1711161260.280721	0	1727	0.9062	0.2703
1711161260.284655	0	1728	0.9688	0.0718
1711161260.288262	0	1729	0.9375	0.1410
1711161260.291987	0	1730	1.0000	0.0413
1711161260.295855	0	1731	0.9688	0.1253
1711161260.299741	0	1732	0.9375	0.1729
1711161260.30383	0	1733	0.9375	0.1546
1711161260.3074481	0	1734	0.9688	0.1209
1711161260.311287	0	1735	1.0000	0.0525
1711161260.315331	0	1736	0.8438	0.3610
1711161260.319082	0	1737	0.9062	0.4218
1711161260.3229032	0	1738	0.9688	0.2007
1711161260.326735	0	1739	0.9062	0.3664
1711161260.330581	0	1740	0.9375	0.1867
1711161260.334252	0	1741	0.9688	0.2739
1711161260.3379772	0	1742	0.8750	0.3910
1711161260.341752	0	1743	0.9688	0.1612
1711161260.3455858	0	1744	1.0000	0.0212
1711161260.3493278	0	1745	0.9688	0.1038
1711161260.35309	0	1746	0.8750	0.3439
1711161260.356843	0	1747	0.9688	0.0816
1711161260.360419	0	1748	0.9688	0.0931
1711161260.364167	0	1749	1.0000	0.0093
1711161260.368063	0	1750	0.9375	0.1852
1711161260.37169	0	1751	0.9688	0.0523
1711161260.375306	0	1752	1.0000	0.0450
1711161260.3793302	0	1753	0.9688	0.1180
1711161260.383008	0	1754	1.0000	0.0294
1711161260.386847	0	1755	1.0000	0.0526
1711161260.390673	0	1756	0.9688	0.1043
1711161260.394426	0	1757	0.8750	0.4276
1711161260.398216	0	1758	0.8750	0.3535
1711161260.401966	0	1759	0.9688	0.0763
1711161260.406016	0	1760	0.9688	0.0580
1711161260.409972	0	1761	0.9688	0.1488
1711161260.4143739	0	1762	1.0000	0.0310
1711161260.418248	0	1763	0.9688	0.0691
1711161260.4221	0	1764	0.9062	0.2654
1711161260.425958	0	1765	1.0000	0.0471
1711161260.429726	0	1766	1.0000	0.0700
1711161260.433422	0	1767	0.9688	0.1180
1711161260.437205	0	1768	1.0000	0.0583
1711161260.440812	0	1769	0.9375	0.1758
1711161260.444557	0	1770	0.9688	0.1844
1711161260.448334	0	1771	0.9375	0.1087
1711161260.451968	0	1772	1.0000	0.0208
1711161260.4558022	0	1773	0.9688	0.0937
1711161260.459571	0	1774	0.9688	0.0825
1711161260.4633238	0	1775	1.0000	0.0139
1711161260.4670432	0	1776	0.9688	0.2138
1711161260.4708521	0	1777	0.9375	0.1605
1711161260.4745321	0	1778	0.9688	0.0592
1711161260.47841	0	1779	0.9062	0.1646
1711161260.482155	0	1780	0.9688	0.0814
1711161260.485908	0	1781	0.9688	0.0750
1711161260.48963	0	1782	1.0000	0.0245
1711161260.493385	0	1783	0.9688	0.1431
1711161260.497956	0	1784	0.9375	0.1828
1711161260.502701	0	1785	1.0000	0.0564
1711161260.5073228	0	1786	1.0000	0.0409
1711161260.511224	0	1787	0.9688	0.2849
1711161260.5152571	0	1788	0.9375	0.1629
1711161260.519298	0	1789	0.9688	0.0707
1711161260.523911	0	1790	1.0000	0.0125
1711161260.527893	0	1791	0.9688	0.0729
1711161260.53191	0	1792	0.9375	0.1972
1711161260.535718	0	1793	0.9688	0.0340
1711161260.5396328	0	1794	1.0000	0.0310
1711161260.543624	0	1795	0.9375	0.2051
1711161260.547503	0	1796	0.9375	0.1120
1711161260.5513742	0	1797	0.9688	0.0849
1711161260.555561	0	1798	0.9688	0.1081
1711161260.559919	0	1799	0.9375	0.1720
1711161260.563848	0	1800	0.9688	0.0815
1711161260.567791	0	1801	0.9688	0.1373
1711161260.571677	0	1802	1.0000	0.0298
1711161260.575603	0	1803	1.0000	0.0563
1711161260.5794759	0	1804	0.9375	0.2437
1711161260.58334	0	1805	0.9062	0.2466
1711161260.5872698	0	1806	0.9688	0.1289
1711161260.591089	0	1807	0.9688	0.0625
1711161260.595194	0	1808	0.9688	0.1583
1711161260.598988	0	1809	0.9688	0.2152
1711161260.602954	0	1810	1.0000	0.0367
1711161260.606945	0	1811	0.9375	0.1820
1711161260.610893	0	1812	0.9375	0.2499
1711161260.61479	0	1813	0.9375	0.1924
1711161260.6186671	0	1814	0.9688	0.1513
1711161260.622427	0	1815	0.9688	0.1020
1711161260.627125	0	1816	0.9688	0.1108
1711161260.631319	0	1817	1.0000	0.0276
1711161260.6351202	0	1818	0.9688	0.1191
1711161260.6389608	0	1819	0.8750	0.2390
1711161260.642997	0	1820	0.9688	0.0841
1711161260.646699	0	1821	1.0000	0.0217
1711161260.650602	0	1822	0.9375	0.1328
1711161260.6545322	0	1823	1.0000	0.0178
1711161260.658377	0	1824	0.9375	0.1115
1711161260.662427	0	1825	0.9375	0.1850
1711161260.6662688	0	1826	0.9375	0.2102
1711161260.670201	0	1827	0.9688	0.1150
1711161260.674098	0	1828	0.9375	0.1841
1711161260.6779861	0	1829	0.9062	0.3162
1711161260.681849	0	1830	0.9062	0.3740
1711161260.6856909	0	1831	0.9062	0.2317
1711161260.6895308	0	1832	0.9375	0.0759
1711161260.69328	0	1833	0.9062	0.1668
1711161260.697345	0	1834	0.9375	0.1456
1711161260.7014232	0	1835	0.9688	0.2232
1711161260.705493	0	1836	1.0000	0.1150
1711161260.709468	0	1837	0.9688	0.1324
1711161260.713283	0	1838	0.9375	0.2433
1711161260.71717	0	1839	0.9688	0.0566
1711161260.7210639	0	1840	0.9062	0.2144
1711161260.7254558	0	1841	0.9062	0.2844
1711161260.729564	0	1842	0.9375	0.2023
1711161260.733506	0	1843	0.8750	0.1711
1711161260.737521	0	1844	1.0000	0.0482
1711161260.7413352	0	1845	0.9062	0.3298
1711161260.7452989	0	1846	0.9375	0.0981
1711161260.749113	0	1847	0.9688	0.1359
1711161260.752885	0	1848	1.0000	0.0330
1711161260.757323	0	1849	0.9375	0.0803
1711161260.761315	0	1850	0.9688	0.0637
1711161260.765332	0	1851	0.9688	0.0667
1711161260.7691362	0	1852	0.9688	0.1631
1711161260.773123	0	1853	0.8438	0.5147
1711161260.776882	0	1854	0.9375	0.2765
1711161260.780722	0	1855	0.9375	0.1416
1711161260.7845812	0	1856	1.0000	0.0516
1711161260.788456	0	1857	1.0000	0.0726
1711161260.792563	0	1858	0.9688	0.0955
1711161260.7963111	0	1859	0.9375	0.1514
1711161260.8015559	0	1860	0.9375	0.2248
1711161260.8054242	0	1861	0.9375	0.1168
1711161260.809248	0	1862	0.9375	0.1451
1711161260.813047	0	1863	0.8750	0.4828
1711161260.817051	0	1864	0.9688	0.1739
1711161260.821002	0	1865	0.8750	0.3795
1711161260.824758	0	1866	1.0000	0.0153
1711161260.8291268	0	1867	0.9375	0.2217
1711161260.832847	0	1868	0.9062	0.1825
1711161260.836681	0	1869	0.9688	0.1203
1711161260.840427	0	1870	1.0000	0.0187
1711161260.8441868	0	1871	0.9375	0.1732
1711161260.84791	0	1872	1.0000	0.0362
1711161260.851795	0	1873	0.9375	0.2966
1711161260.8555782	0	1874	0.9688	0.1003
1711161260.859477	0	1875	0.9688	0.1889
